Rank,NOC,Gold,Silver,Bronze,Total,Year,Host_NOC,Host_Flag,Total_Events_Per_Year,Athlete_Count,Sport_Count,Historical_Total,Historical_Gold,Gold_Total,Total_Total
82,Afghanistan,0,0,1,1,2008,CHN,0,673,4.0,2.0,1.0,0.0,302,958
79,Afghanistan,0,0,1,1,2012,UNK,0,670,6.0,4.0,2.0,0.0,303,960
80,Albania,0,0,2,2,2024,FRA,0,738,8.0,4.0,2.0,0.0,328,1039
42,Algeria,0,0,2,2,1984,USA,0,492,33.0,4.0,2.0,0.0,226,688
34,Algeria,1,0,1,2,1992,ESP,0,573,35.0,7.0,4.0,1.0,260,815
34,Algeria,2,0,1,3,1996,USA,0,604,45.0,9.0,7.0,3.0,271,842
42,Algeria,1,1,3,5,2000,AUS,0,667,47.0,10.0,10.0,4.0,300,927
68,Algeria,0,1,1,2,2008,CHN,0,673,56.0,12.0,10.0,3.0,302,958
50,Algeria,1,0,0,1,2012,UNK,0,670,38.0,12.0,8.0,2.0,303,960
63,Algeria,0,2,0,2,2016,BRA,0,682,64.0,13.0,5.0,1.0,306,972
39,Algeria,2,0,1,3,2024,FRA,0,738,46.0,15.0,6.0,3.0,328,1039
16,Argentina,1,3,2,6,1924,FRA,0,292,72.0,11.0,6.0,1.0,126,378
12,Argentina,3,3,1,7,1928,NED,0,252,76.0,11.0,13.0,4.0,110,327
12,Argentina,3,1,0,4,1932,USA,0,268,33.0,7.0,17.0,7.0,125,370
14,Argentina,2,2,3,7,1936,GER,0,302,40.0,7.0,18.0,8.0,141,422
13,Argentina,3,3,1,7,1948,UNK,0,312,187.0,16.0,18.0,8.0,138,411
19,Argentina,1,2,2,5,1952,FIN,0,338,110.0,15.0,19.0,6.0,149,459
29,Argentina,0,1,1,2,1956,AUS,0,342,30.0,9.0,14.0,4.0,153,469
30,Argentina,0,1,1,2,1960,ITA,0,340,84.0,15.0,9.0,1.0,152,461
30,Argentina,0,1,0,1,1964,JPN,0,370,97.0,14.0,5.0,0.0,163,504
41,Argentina,0,0,2,2,1968,UNK,0,386,89.0,12.0,5.0,0.0,174,527
33,Argentina,0,1,0,1,1972,GER,0,439,92.0,12.0,4.0,0.0,195,600
35,Argentina,0,1,1,2,1988,KOR,0,528,118.0,18.0,5.0,0.0,241,739
54,Argentina,0,0,1,1,1992,ESP,0,573,84.0,17.0,4.0,0.0,260,815
54,Argentina,0,2,1,3,1996,USA,0,604,179.0,20.0,6.0,0.0,271,842
57,Argentina,0,2,2,4,2000,AUS,0,667,138.0,20.0,8.0,0.0,300,927
38,Argentina,2,0,4,6,2004,GRE,0,669,149.0,22.0,13.0,2.0,301,926
35,Argentina,2,0,4,6,2008,CHN,0,673,131.0,19.0,16.0,4.0,302,958
42,Argentina,1,1,2,4,2012,UNK,0,670,137.0,23.0,16.0,5.0,303,960
26,Argentina,3,1,0,4,2016,BRA,0,682,213.0,26.0,14.0,6.0,306,972
72,Argentina,0,1,2,3,2020,UNK,0,761,189.0,31.0,11.0,4.0,340,1080
52,Argentina,1,1,1,3,2024,FRA,0,738,143.0,25.0,10.0,4.0,328,1039
45,Armenia,1,1,0,2,1996,USA,0,604,32.0,11.0,2.0,1.0,271,842
71,Armenia,0,0,1,1,2000,AUS,0,667,25.0,10.0,3.0,1.0,300,927
62,Armenia,0,1,4,5,2008,CHN,0,673,24.0,7.0,8.0,1.0,302,958
65,Armenia,0,1,1,2,2012,UNK,0,670,24.0,9.0,8.0,0.0,303,960
42,Armenia,1,3,0,4,2016,BRA,0,682,31.0,8.0,11.0,1.0,306,972
69,Armenia,0,2,2,4,2020,UNK,0,761,17.0,8.0,10.0,1.0,340,1080
66,Armenia,0,3,1,4,2024,FRA,0,738,15.0,7.0,12.0,1.0,328,1039
11,Australasia,1,2,2,5,1908,UNK,0,267,30.0,6.0,5.0,1.0,110,324
12,Australasia,2,2,3,7,1912,SWE,0,236,16.0,4.0,12.0,3.0,102,312
8,Australia,2,0,0,2,1896,GRE,0,107,1.0,2.0,2.0,2.0,43,122
9,Australia,2,0,3,5,1900,FRA,0,236,2.0,2.0,7.0,4.0,96,284
12,Australia,0,3,1,4,1904,USA,0,224,2.0,2.0,11.0,4.0,97,280
16,Australia,0,2,1,3,1920,BEL,0,363,13.0,5.0,12.0,2.0,155,438
11,Australia,3,1,2,6,1924,FRA,0,292,36.0,9.0,13.0,3.0,126,378
19,Australia,1,2,1,4,1928,NED,0,252,18.0,6.0,13.0,4.0,110,327
11,Australia,3,1,1,5,1932,USA,0,268,13.0,6.0,15.0,7.0,125,370
30,Australia,0,0,1,1,1936,GER,0,302,32.0,7.0,10.0,4.0,141,422
14,Australia,2,6,5,13,1948,UNK,0,312,73.0,11.0,19.0,5.0,138,411
9,Australia,6,2,3,11,1952,FIN,0,338,76.0,12.0,25.0,8.0,149,459
3,Australia,13,8,14,35,1956,AUS,1,342,288.0,19.0,59.0,21.0,153,469
5,Australia,8,8,6,22,1960,ITA,0,340,179.0,17.0,68.0,27.0,152,461
8,Australia,6,2,10,18,1964,JPN,0,370,233.0,19.0,75.0,27.0,163,504
9,Australia,5,7,5,17,1968,UNK,0,386,128.0,16.0,57.0,19.0,174,527
6,Australia,8,7,2,17,1972,GER,0,439,168.0,20.0,52.0,19.0,195,600
32,Australia,0,1,4,5,1976,CAN,0,444,180.0,20.0,39.0,13.0,198,613
15,Australia,2,2,5,9,1980,URS,0,454,120.0,17.0,31.0,10.0,204,631
14,Australia,4,8,12,24,1984,USA,0,492,242.0,22.0,38.0,6.0,226,688
15,Australia,3,6,5,14,1988,KOR,0,528,252.0,24.0,47.0,9.0,241,739
10,Australia,7,9,11,27,1992,ESP,0,573,278.0,25.0,65.0,14.0,260,815
7,Australia,9,9,23,41,1996,USA,0,604,412.0,26.0,82.0,19.0,271,842
4,Australia,16,25,17,58,2000,AUS,1,667,603.0,33.0,126.0,32.0,300,927
4,Australia,17,16,17,50,2004,GRE,0,669,460.0,32.0,149.0,42.0,301,926
6,Australia,14,15,17,46,2008,CHN,0,673,429.0,31.0,154.0,47.0,302,958
8,Australia,8,15,12,35,2012,UNK,0,670,398.0,28.0,131.0,39.0,303,960
10,Australia,8,11,10,29,2016,BRA,0,682,414.0,30.0,110.0,30.0,306,972
6,Australia,17,7,22,46,2020,UNK,0,761,489.0,41.0,110.0,33.0,340,1080
4,Australia,18,19,16,53,2024,FRA,0,738,474.0,44.0,128.0,43.0,328,1039
7,Austria,2,1,2,5,1896,GRE,0,107,3.0,3.0,5.0,2.0,43,122
16,Austria,0,3,3,6,1900,FRA,0,236,15.0,4.0,11.0,2.0,96,284
8,Austria,1,1,1,3,1904,USA,0,224,2.0,2.0,14.0,3.0,97,280
19,Austria,0,0,1,1,1908,UNK,0,267,7.0,4.0,10.0,1.0,110,324
17,Austria,0,2,2,4,1912,SWE,0,236,80.0,12.0,8.0,1.0,102,312
20,Austria,0,3,1,4,1924,FRA,0,292,49.0,8.0,9.0,0.0,126,378
18,Austria,2,0,1,3,1928,NED,0,252,73.0,13.0,11.0,2.0,110,327
18,Austria,1,1,3,5,1932,USA,0,268,19.0,7.0,12.0,3.0,125,370
10,Austria,5,7,5,17,1936,GER,0,302,233.0,18.0,25.0,8.0,141,422
21,Austria,1,0,3,4,1948,UNK,0,312,145.0,17.0,26.0,7.0,138,411
32,Austria,0,1,1,2,1952,FIN,0,338,110.0,16.0,23.0,6.0,149,459
34,Austria,0,0,2,2,1956,AUS,0,342,34.0,12.0,8.0,1.0,153,469
18,Austria,1,1,0,2,1960,ITA,0,340,96.0,15.0,6.0,1.0,152,461
32,Austria,0,2,2,4,1968,UNK,0,386,43.0,12.0,8.0,1.0,174,527
31,Austria,0,1,2,3,1972,GER,0,439,111.0,15.0,9.0,1.0,195,600
37,Austria,0,0,1,1,1976,CAN,0,444,60.0,15.0,8.0,0.0,198,613
21,Austria,1,2,1,4,1980,URS,0,454,83.0,16.0,8.0,1.0,204,631
22,Austria,1,1,1,3,1984,USA,0,492,102.0,18.0,8.0,2.0,226,688
29,Austria,1,0,0,1,1988,KOR,0,528,73.0,17.0,8.0,3.0,241,739
41,Austria,0,2,0,2,1992,ESP,0,573,102.0,17.0,6.0,2.0,260,815
57,Austria,0,1,2,3,1996,USA,0,604,70.0,15.0,6.0,1.0,271,842
32,Austria,2,1,0,3,2000,AUS,0,667,92.0,17.0,8.0,2.0,300,927
27,Austria,2,4,1,7,2004,GRE,0,669,70.0,17.0,13.0,4.0,301,926
64,Austria,0,1,2,3,2008,CHN,0,673,66.0,16.0,13.0,4.0,302,958
78,Austria,0,0,1,1,2016,BRA,0,682,67.0,22.0,11.0,2.0,306,972
53,Austria,1,1,5,7,2020,UNK,0,761,76.0,24.0,11.0,1.0,340,1080
36,Austria,2,0,3,5,2024,FRA,0,738,84.0,26.0,13.0,3.0,328,1039
61,Azerbaijan,0,1,0,1,1996,USA,0,604,23.0,9.0,1.0,0.0,271,842
34,Azerbaijan,2,0,1,3,2000,AUS,0,667,31.0,8.0,4.0,2.0,300,927
50,Azerbaijan,1,0,4,5,2004,GRE,0,669,36.0,10.0,9.0,3.0,301,926
40,Azerbaijan,1,1,4,6,2008,CHN,0,673,44.0,10.0,14.0,4.0,302,958
32,Azerbaijan,2,2,5,9,2012,UNK,0,670,52.0,15.0,20.0,4.0,303,960
39,Azerbaijan,1,7,10,18,2016,BRA,0,682,56.0,15.0,33.0,4.0,306,972
67,Azerbaijan,0,3,4,7,2020,UNK,0,761,44.0,14.0,34.0,3.0,340,1080
30,Azerbaijan,2,2,3,7,2024,FRA,0,738,48.0,15.0,32.0,3.0,328,1039
35,Bahamas,0,0,1,1,1956,AUS,0,342,2.0,2.0,1.0,0.0,153,469
24,Bahamas,1,0,0,1,1964,JPN,0,370,3.0,1.0,2.0,1.0,163,504
54,Bahamas,0,0,1,1,1992,ESP,0,573,14.0,4.0,3.0,1.0,260,815
61,Bahamas,0,1,0,1,1996,USA,0,604,26.0,4.0,3.0,1.0,271,842
34,Bahamas,2,0,1,3,2000,AUS,0,667,25.0,3.0,5.0,2.0,300,927
52,Bahamas,1,0,1,2,2004,GRE,0,669,22.0,3.0,6.0,3.0,301,926
68,Bahamas,0,1,1,2,2008,CHN,0,673,25.0,4.0,7.0,3.0,302,958
50,Bahamas,1,0,0,1,2012,UNK,0,670,21.0,2.0,5.0,2.0,303,960
51,Bahamas,1,0,1,2,2016,BRA,0,682,29.0,3.0,5.0,2.0,306,972
42,Bahamas,2,0,0,2,2020,UNK,0,761,16.0,2.0,5.0,4.0,340,1080
50,Bahrain,1,0,0,1,2012,UNK,0,670,12.0,3.0,1.0,1.0,303,960
48,Bahrain,1,1,0,2,2016,BRA,0,682,33.0,4.0,3.0,2.0,306,972
77,Bahrain,0,1,0,1,2020,UNK,0,761,32.0,5.0,4.0,2.0,340,1080
33,Bahrain,2,1,1,4,2024,FRA,0,738,14.0,5.0,7.0,3.0,328,1039
71,Barbados,0,0,1,1,2000,AUS,0,667,18.0,6.0,1.0,0.0,300,927
37,Belarus,1,6,8,15,1996,USA,0,604,157.0,19.0,15.0,1.0,271,842
23,Belarus,3,3,11,17,2000,AUS,0,667,139.0,20.0,32.0,4.0,300,927
26,Belarus,2,5,6,13,2004,GRE,0,669,151.0,22.0,45.0,6.0,301,926
24,Belarus,3,4,7,14,2008,CHN,0,673,175.0,24.0,44.0,8.0,302,958
28,Belarus,2,5,3,10,2012,UNK,0,670,160.0,23.0,37.0,7.0,303,960
40,Belarus,1,4,4,9,2016,BRA,0,682,120.0,22.0,33.0,6.0,306,972
45,Belarus,1,3,3,7,2020,UNK,0,761,103.0,20.0,26.0,4.0,340,1080
5,Belgium,6,7,4,17,1900,FRA,0,236,28.0,7.0,17.0,6.0,96,284
10,Belgium,1,5,2,8,1908,UNK,0,267,58.0,10.0,25.0,7.0,110,324
13,Belgium,2,1,3,6,1912,SWE,0,236,31.0,9.0,31.0,9.0,102,312
5,Belgium,14,11,11,36,1920,BEL,1,363,318.0,22.0,50.0,17.0,155,438
10,Belgium,3,7,3,13,1924,FRA,0,292,165.0,17.0,55.0,19.0,126,378
29,Belgium,0,1,2,3,1928,NED,0,252,182.0,15.0,52.0,17.0,110,327
26,Belgium,0,0,1,1,1932,USA,0,268,36.0,2.0,17.0,3.0,125,370
28,Belgium,0,0,3,3,1936,GER,0,302,147.0,14.0,7.0,0.0,141,422
15,Belgium,2,2,3,7,1948,UNK,0,312,140.0,17.0,11.0,2.0,138,411
14,Belgium,2,2,0,4,1952,FIN,0,338,131.0,16.0,14.0,4.0,149,459
28,Belgium,0,2,0,2,1956,AUS,0,342,57.0,13.0,13.0,4.0,153,469
26,Belgium,0,2,2,4,1960,ITA,0,340,98.0,16.0,10.0,2.0,152,461
20,Belgium,2,0,1,3,1964,JPN,0,370,61.0,13.0,9.0,2.0,163,504
36,Belgium,0,1,1,2,1968,UNK,0,386,82.0,13.0,9.0,2.0,174,527
29,Belgium,0,2,0,2,1972,GER,0,439,88.0,14.0,7.0,2.0,195,600
28,Belgium,0,3,3,6,1976,CAN,0,444,101.0,16.0,10.0,0.0,198,613
23,Belgium,1,0,0,1,1980,URS,0,454,59.0,10.0,9.0,1.0,204,631
21,Belgium,1,1,2,4,1984,USA,0,492,63.0,14.0,11.0,2.0,226,688
44,Belgium,0,0,2,2,1988,KOR,0,528,59.0,16.0,7.0,2.0,241,739
44,Belgium,0,1,2,3,1992,ESP,0,573,68.0,18.0,9.0,1.0,260,815
31,Belgium,2,2,2,6,1996,USA,0,604,61.0,14.0,11.0,2.0,271,842
55,Belgium,0,2,3,5,2000,AUS,0,667,68.0,16.0,14.0,2.0,300,927
51,Belgium,1,0,2,3,2004,GRE,0,669,50.0,14.0,14.0,3.0,301,926
37,Belgium,2,0,0,2,2008,CHN,0,673,94.0,16.0,10.0,3.0,302,958
64,Belgium,0,1,2,3,2012,UNK,0,670,111.0,16.0,8.0,3.0,303,960
35,Belgium,2,2,2,6,2016,BRA,0,682,104.0,19.0,11.0,4.0,306,972
29,Belgium,3,1,3,7,2020,UNK,0,761,130.0,25.0,16.0,5.0,340,1080
25,Belgium,3,1,6,10,2024,FRA,0,738,177.0,25.0,23.0,8.0,328,1039
37,Bermuda,0,0,1,1,1976,CAN,0,444,16.0,3.0,1.0,0.0,198,613
63,Bermuda,1,0,0,1,2020,UNK,0,761,2.0,2.0,2.0,1.0,340,1080
20,Bohemia,0,1,1,2,1900,FRA,0,236,7.0,4.0,2.0,0.0,96,284
17,Bohemia,0,0,2,2,1908,UNK,0,267,19.0,5.0,4.0,0.0,110,324
70,Botswana,0,1,0,1,2012,UNK,0,670,4.0,2.0,1.0,0.0,303,960
86,Botswana,0,0,1,1,2020,UNK,0,761,14.0,4.0,2.0,0.0,340,1080
55,Botswana,1,1,0,2,2024,FRA,0,738,14.0,2.0,4.0,1.0,328,1039
15,Brazil,1,1,1,3,1920,BEL,0,363,19.0,5.0,3.0,1.0,155,438
34,Brazil,0,0,1,1,1948,UNK,0,312,66.0,11.0,4.0,1.0,138,411
24,Brazil,1,0,2,3,1952,FIN,0,338,92.0,14.0,7.0,2.0,149,459
24,Brazil,1,0,0,1,1956,AUS,0,342,45.0,12.0,5.0,2.0,153,469
39,Brazil,0,0,2,2,1960,ITA,0,340,68.0,14.0,6.0,2.0,152,461
35,Brazil,0,0,1,1,1964,JPN,0,370,57.0,11.0,4.0,1.0,163,504
35,Brazil,0,1,2,3,1968,UNK,0,386,75.0,13.0,6.0,0.0,174,527
41,Brazil,0,0,2,2,1972,GER,0,439,80.0,13.0,6.0,0.0,195,600
36,Brazil,0,0,2,2,1976,CAN,0,444,79.0,12.0,7.0,0.0,198,613
17,Brazil,2,0,2,4,1980,URS,0,454,106.0,14.0,8.0,2.0,204,631
19,Brazil,1,5,2,8,1984,USA,0,492,147.0,17.0,14.0,3.0,226,688
24,Brazil,1,2,3,6,1988,KOR,0,528,157.0,21.0,18.0,4.0,241,739
25,Brazil,2,1,0,3,1992,ESP,0,573,181.0,23.0,17.0,4.0,260,815
25,Brazil,3,3,9,15,1996,USA,0,604,212.0,17.0,24.0,6.0,271,842
53,Brazil,0,6,6,12,2000,AUS,0,667,189.0,23.0,30.0,5.0,300,927
16,Brazil,5,2,3,10,2004,GRE,0,669,234.0,25.0,37.0,8.0,301,926
23,Brazil,3,4,10,17,2008,CHN,0,673,258.0,27.0,39.0,8.0,302,958
22,Brazil,3,5,9,17,2012,UNK,0,670,236.0,26.0,44.0,11.0,303,960
13,Brazil,7,6,6,19,2016,BRA,1,682,448.0,33.0,53.0,13.0,306,972
12,Brazil,7,6,8,21,2020,UNK,0,761,319.0,33.0,57.0,17.0,340,1080
20,Brazil,3,7,10,20,2024,FRA,0,738,289.0,38.0,60.0,17.0,328,1039
39,British West Indies,0,0,2,2,1960,ITA,0,340,0.0,0.0,2.0,0.0,152,461
40,Bulgaria,0,0,1,1,1952,FIN,0,338,63.0,8.0,1.0,0.0,149,459
19,Bulgaria,1,3,1,5,1956,AUS,0,342,46.0,7.0,6.0,1.0,153,469
15,Bulgaria,1,3,3,7,1960,ITA,0,340,97.0,12.0,13.0,2.0,152,461
11,Bulgaria,3,5,2,10,1964,JPN,0,370,63.0,9.0,22.0,5.0,163,504
18,Bulgaria,2,4,3,9,1968,UNK,0,386,112.0,13.0,26.0,6.0,174,527
9,Bulgaria,6,10,5,21,1972,GER,0,439,129.0,15.0,40.0,11.0,195,600
7,Bulgaria,6,9,7,22,1976,CAN,0,444,155.0,14.0,52.0,14.0,198,613
3,Bulgaria,8,16,17,41,1980,URS,0,454,270.0,20.0,84.0,20.0,204,631
7,Bulgaria,10,12,13,35,1988,KOR,0,528,172.0,16.0,98.0,24.0,241,739
18,Bulgaria,3,7,6,16,1992,ESP,0,573,134.0,19.0,92.0,21.0,260,815
22,Bulgaria,3,7,5,15,1996,USA,0,604,108.0,17.0,66.0,16.0,271,842
16,Bulgaria,5,6,2,13,2000,AUS,0,667,91.0,16.0,44.0,11.0,300,927
33,Bulgaria,2,1,9,12,2004,GRE,0,669,95.0,19.0,40.0,10.0,301,926
42,Bulgaria,1,1,3,5,2008,CHN,0,673,70.0,15.0,30.0,8.0,302,958
60,Bulgaria,0,2,1,3,2012,UNK,0,670,63.0,17.0,20.0,3.0,303,960
66,Bulgaria,0,1,2,3,2016,BRA,0,682,50.0,14.0,11.0,1.0,306,972
30,Bulgaria,3,1,2,6,2020,UNK,0,761,42.0,13.0,12.0,3.0,340,1080
26,Bulgaria,3,1,3,7,2024,FRA,0,738,46.0,16.0,16.0,6.0,328,1039
86,Burkina Faso,0,0,1,1,2020,UNK,0,761,7.0,5.0,1.0,0.0,340,1080
49,Burundi,1,0,0,1,1996,USA,0,604,7.0,1.0,1.0,1.0,271,842
69,Burundi,0,1,0,1,2016,BRA,0,682,9.0,3.0,2.0,1.0,306,972
84,Cabo Verde,0,0,1,1,2024,FRA,0,738,7.0,5.0,1.0,0.0,328,1039
39,Cameroon,0,1,0,1,1968,UNK,0,386,5.0,2.0,1.0,0.0,174,527
43,Cameroon,0,0,1,1,1984,USA,0,492,46.0,6.0,2.0,0.0,226,688
50,Cameroon,1,0,0,1,2000,AUS,0,667,34.0,4.0,3.0,1.0,300,927
54,Cameroon,1,0,0,1,2004,GRE,0,669,17.0,5.0,3.0,2.0,301,926
53,Cameroon,1,0,0,1,2008,CHN,0,673,32.0,9.0,3.0,3.0,302,958
79,Cameroon,0,0,1,1,2012,UNK,0,670,32.0,9.0,3.0,2.0,303,960
13,Canada,1,0,1,2,1900,FRA,0,236,4.0,1.0,2.0,1.0,96,284
3,Canada,4,1,1,6,1904,USA,0,224,9.0,3.0,8.0,5.0,97,280
7,Canada,3,3,10,16,1908,UNK,0,267,76.0,11.0,24.0,8.0,110,324
9,Canada,3,2,3,8,1912,SWE,0,236,28.0,7.0,30.0,10.0,102,312
12,Canada,3,3,3,9,1920,BEL,0,363,52.0,9.0,33.0,9.0,155,438
20,Canada,0,3,1,4,1924,FRA,0,292,65.0,8.0,21.0,6.0,126,378
10,Canada,4,4,7,15,1928,NED,0,252,69.0,8.0,28.0,7.0,110,327
13,Canada,2,5,9,16,1932,USA,0,268,90.0,10.0,35.0,6.0,125,370
17,Canada,1,3,5,9,1936,GER,0,302,96.0,11.0,40.0,7.0,141,422
25,Canada,0,1,2,3,1948,UNK,0,312,123.0,13.0,28.0,3.0,138,411
21,Canada,1,2,0,3,1952,FIN,0,338,97.0,13.0,15.0,2.0,149,459
15,Canada,2,1,3,6,1956,AUS,0,342,89.0,15.0,12.0,3.0,153,469
32,Canada,0,1,0,1,1960,ITA,0,340,75.0,14.0,10.0,3.0,152,461
22,Canada,1,2,1,4,1964,JPN,0,370,105.0,16.0,11.0,3.0,163,504
23,Canada,1,3,1,5,1968,UNK,0,386,139.0,14.0,10.0,2.0,174,527
27,Canada,0,2,3,5,1972,GER,0,439,207.0,18.0,14.0,2.0,195,600
27,Canada,0,5,6,11,1976,CAN,1,444,385.0,23.0,21.0,1.0,198,613
6,Canada,10,18,16,44,1984,USA,0,492,408.0,23.0,60.0,10.0,226,688
19,Canada,3,2,5,10,1988,KOR,0,528,328.0,23.0,65.0,13.0,241,739
11,Canada,7,4,7,18,1992,ESP,0,573,294.0,24.0,72.0,20.0,260,815
21,Canada,3,11,8,22,1996,USA,0,604,298.0,25.0,50.0,13.0,271,842
24,Canada,3,3,8,14,2000,AUS,0,667,288.0,28.0,54.0,13.0,300,927
21,Canada,3,6,3,12,2004,GRE,0,669,256.0,28.0,48.0,9.0,301,926
20,Canada,3,9,8,20,2008,CHN,0,673,332.0,30.0,46.0,9.0,302,958
27,Canada,2,6,10,18,2012,UNK,0,670,272.0,28.0,50.0,8.0,303,960
20,Canada,4,3,15,22,2016,BRA,0,682,301.0,30.0,60.0,9.0,306,972
11,Canada,7,7,10,24,2020,UNK,0,761,386.0,40.0,64.0,13.0,340,1080
12,Canada,9,7,11,27,2024,FRA,0,738,332.0,40.0,73.0,20.0,328,1039
28,Ceylon,0,1,0,1,1948,UNK,0,312,0.0,0.0,1.0,0.0,138,411
30,Chile,0,1,0,1,1928,NED,0,252,38.0,6.0,1.0,0.0,110,327
31,Chile,0,2,0,2,1952,FIN,0,338,59.0,9.0,3.0,0.0,149,459
27,Chile,0,2,2,4,1956,AUS,0,342,33.0,8.0,7.0,0.0,153,469
36,Chile,0,1,0,1,1988,KOR,0,528,17.0,6.0,7.0,0.0,241,739
71,Chile,0,0,1,1,2000,AUS,0,667,50.0,14.0,6.0,0.0,300,927
39,Chile,2,0,1,3,2004,GRE,0,669,22.0,11.0,5.0,2.0,301,926
72,Chile,0,1,0,1,2008,CHN,0,673,26.0,14.0,5.0,2.0,302,958
55,Chile,1,1,0,2,2024,FRA,0,738,48.0,22.0,6.0,3.0,328,1039
4,China,15,8,9,32,1984,USA,0,492,215.0,19.0,32.0,15.0,226,688
11,China,5,11,12,28,1988,KOR,0,528,270.0,25.0,60.0,20.0,241,739
4,China,16,22,16,54,1992,ESP,0,573,233.0,23.0,114.0,36.0,260,815
4,China,16,22,12,50,1996,USA,0,604,277.0,25.0,132.0,37.0,271,842
3,China,28,16,14,58,2000,AUS,0,667,252.0,27.0,162.0,60.0,300,927
2,China,32,17,14,63,2004,GRE,0,669,354.0,30.0,171.0,76.0,301,926
1,China,48,22,30,100,2008,CHN,1,673,567.0,34.0,221.0,108.0,302,958
2,China,39,31,22,92,2012,UNK,0,670,354.0,29.0,255.0,119.0,303,960
3,China,26,18,26,70,2016,BRA,0,682,378.0,32.0,262.0,113.0,306,972
2,China,38,32,19,89,2020,UNK,0,761,417.0,41.0,251.0,103.0,340,1080
2,China,40,27,24,91,2024,FRA,0,738,396.0,42.0,250.0,104.0,328,1039
43,Chinese Taipei,0,0,1,1,1984,USA,0,492,38.0,12.0,1.0,0.0,226,688
49,Chinese Taipei,0,1,0,1,1992,ESP,0,573,31.0,7.0,2.0,0.0,260,815
61,Chinese Taipei,0,1,0,1,1996,USA,0,604,73.0,14.0,3.0,0.0,271,842
58,Chinese Taipei,0,1,4,5,2000,AUS,0,667,53.0,14.0,7.0,0.0,300,927
31,Chinese Taipei,2,2,1,5,2004,GRE,0,669,88.0,14.0,11.0,2.0,301,926
44,Chinese Taipei,1,1,2,4,2008,CHN,0,673,79.0,15.0,14.0,3.0,302,958
48,Chinese Taipei,1,0,1,2,2012,UNK,0,670,44.0,14.0,11.0,4.0,303,960
50,Chinese Taipei,1,0,2,3,2016,BRA,0,682,55.0,18.0,9.0,3.0,306,972
34,Chinese Taipei,2,4,6,12,2020,UNK,0,761,68.0,18.0,17.0,4.0,340,1080
35,Chinese Taipei,2,0,5,7,2024,FRA,0,738,60.0,17.0,22.0,5.0,328,1039
31,Colombia,0,1,2,3,1972,GER,0,439,59.0,8.0,3.0,0.0,195,600
33,Colombia,0,1,0,1,1984,USA,0,492,39.0,8.0,4.0,0.0,226,688
46,Colombia,0,0,1,1,1988,KOR,0,528,40.0,10.0,5.0,0.0,241,739
54,Colombia,0,0,1,1,1992,ESP,0,573,49.0,11.0,3.0,0.0,260,815
50,Colombia,1,0,0,1,2000,AUS,0,667,44.0,13.0,3.0,1.0,300,927
68,Colombia,0,0,2,2,2004,GRE,0,669,53.0,15.0,4.0,1.0,301,926
60,Colombia,0,2,1,3,2008,CHN,0,673,67.0,16.0,6.0,1.0,302,958
38,Colombia,1,3,5,9,2012,UNK,0,670,101.0,19.0,14.0,1.0,303,960
22,Colombia,3,2,3,8,2016,BRA,0,682,143.0,21.0,20.0,4.0,306,972
66,Colombia,0,4,1,5,2020,UNK,0,761,69.0,20.0,22.0,4.0,340,1080
66,Colombia,0,3,1,4,2024,FRA,0,738,88.0,24.0,17.0,3.0,328,1039
36,Costa Rica,0,1,0,1,1988,KOR,0,528,16.0,6.0,1.0,0.0,241,739
49,Costa Rica,1,0,0,1,1996,USA,0,604,11.0,6.0,2.0,1.0,271,842
69,Costa Rica,0,0,2,2,2000,AUS,0,667,7.0,5.0,4.0,1.0,300,927
44,Croatia,0,1,2,3,1992,ESP,0,573,39.0,11.0,3.0,0.0,260,815
45,Croatia,1,1,0,2,1996,USA,0,604,84.0,14.0,5.0,1.0,271,842
49,Croatia,1,0,1,2,2000,AUS,0,667,88.0,12.0,7.0,2.0,300,927
44,Croatia,1,2,2,5,2004,GRE,0,669,81.0,14.0,9.0,3.0,301,926
59,Croatia,0,2,3,5,2008,CHN,0,673,99.0,15.0,12.0,2.0,302,958
26,Croatia,3,1,2,6,2012,UNK,0,670,107.0,17.0,16.0,4.0,303,960
17,Croatia,5,3,2,10,2016,BRA,0,682,85.0,18.0,21.0,8.0,306,972
26,Croatia,3,3,2,8,2020,UNK,0,761,60.0,17.0,24.0,11.0,340,1080
30,Croatia,2,2,3,7,2024,FRA,0,738,73.0,16.0,25.0,10.0,328,1039
12,Cuba,1,1,0,2,1900,FRA,0,236,1.0,1.0,2.0,1.0,96,284
4,Cuba,3,0,0,3,1904,USA,0,224,3.0,2.0,5.0,4.0,97,280
28,Cuba,0,1,0,1,1948,UNK,0,312,51.0,11.0,6.0,4.0,138,411
30,Cuba,0,1,0,1,1964,JPN,0,370,27.0,6.0,5.0,3.0,163,504
31,Cuba,0,4,0,4,1968,UNK,0,386,115.0,13.0,6.0,0.0,174,527
14,Cuba,3,1,4,8,1972,GER,0,439,137.0,14.0,13.0,3.0,195,600
8,Cuba,6,4,3,13,1976,CAN,0,444,156.0,14.0,25.0,9.0,198,613
4,Cuba,8,7,5,20,1980,URS,0,454,203.0,19.0,41.0,17.0,204,631
5,Cuba,14,6,11,31,1992,ESP,0,573,176.0,16.0,64.0,28.0,260,815
8,Cuba,9,8,8,25,1996,USA,0,604,164.0,15.0,76.0,31.0,271,842
9,Cuba,11,11,7,29,2000,AUS,0,667,229.0,24.0,85.0,34.0,300,927
11,Cuba,9,7,11,27,2004,GRE,0,669,151.0,18.0,81.0,29.0,301,926
19,Cuba,3,10,17,30,2008,CHN,0,673,154.0,17.0,86.0,23.0,302,958
16,Cuba,5,3,7,15,2012,UNK,0,670,109.0,14.0,72.0,17.0,303,960
18,Cuba,5,2,4,11,2016,BRA,0,682,117.0,19.0,56.0,13.0,306,972
14,Cuba,7,3,5,15,2020,UNK,0,761,69.0,15.0,41.0,17.0,340,1080
32,Cuba,2,1,6,9,2024,FRA,0,738,61.0,16.0,35.0,14.0,328,1039
70,Cyprus,0,1,0,1,2012,UNK,0,670,13.0,7.0,1.0,0.0,303,960
74,Cyprus,0,1,0,1,2024,FRA,0,738,15.0,9.0,2.0,0.0,328,1039
17,Czech Republic,4,3,4,11,1996,USA,0,604,111.0,17.0,11.0,4.0,271,842
28,Czech Republic,2,3,3,8,2000,AUS,0,667,111.0,20.0,19.0,6.0,300,927
42,Czech Republic,1,3,5,9,2004,GRE,0,669,136.0,20.0,28.0,7.0,301,926
25,Czech Republic,3,3,1,7,2008,CHN,0,673,131.0,21.0,24.0,6.0,302,958
19,Czech Republic,4,4,3,11,2012,UNK,0,670,126.0,21.0,27.0,8.0,303,960
43,Czech Republic,1,2,7,10,2016,BRA,0,682,103.0,20.0,28.0,8.0,306,972
18,Czech Republic,4,4,3,11,2020,UNK,0,761,115.0,26.0,32.0,9.0,340,1080
28,Czech Republic,3,0,2,5,2024,FRA,0,738,0.0,0.0,26.0,8.0,328,1039
21,Czechoslovakia,0,0,2,2,1920,BEL,0,363,118.0,13.0,2.0,0.0,155,438
15,Czechoslovakia,1,4,5,10,1924,FRA,0,292,132.0,16.0,12.0,1.0,126,378
14,Czechoslovakia,2,5,2,9,1928,NED,0,252,69.0,14.0,21.0,3.0,110,327
17,Czechoslovakia,1,3,2,6,1932,USA,0,268,25.0,4.0,25.0,4.0,125,370
13,Czechoslovakia,3,5,1,9,1936,GER,0,302,189.0,17.0,24.0,6.0,141,422
8,Czechoslovakia,6,2,3,11,1948,UNK,0,312,87.0,11.0,26.0,10.0,138,411
6,Czechoslovakia,7,3,3,13,1952,FIN,0,338,99.0,11.0,33.0,16.0,149,459
18,Czechoslovakia,1,4,1,6,1956,AUS,0,342,63.0,10.0,30.0,14.0,153,469
10,Czechoslovakia,3,2,3,8,1960,ITA,0,340,116.0,13.0,27.0,11.0,152,461
9,Czechoslovakia,5,6,3,14,1964,JPN,0,370,104.0,13.0,28.0,9.0,163,504
7,Czechoslovakia,7,2,4,13,1968,UNK,0,386,121.0,14.0,35.0,15.0,174,527
18,Czechoslovakia,2,4,2,8,1972,GER,0,439,175.0,17.0,35.0,14.0,195,600
17,Czechoslovakia,2,2,4,8,1976,CAN,0,444,163.0,16.0,29.0,11.0,198,613
13,Czechoslovakia,2,3,9,14,1980,URS,0,454,209.0,21.0,30.0,6.0,204,631
17,Czechoslovakia,3,3,2,8,1988,KOR,0,528,163.0,17.0,30.0,7.0,241,739
15,Czechoslovakia,4,2,1,7,1992,ESP,0,573,202.0,25.0,29.0,9.0,260,815
9,Denmark,1,2,3,6,1896,GRE,0,107,3.0,5.0,6.0,1.0,43,122
10,Denmark,1,3,2,6,1900,FRA,0,236,11.0,4.0,12.0,2.0,96,284
16,Denmark,0,2,3,5,1908,UNK,0,267,78.0,8.0,17.0,2.0,110,324
14,Denmark,1,6,5,12,1912,SWE,0,236,131.0,12.0,23.0,2.0,102,312
10,Denmark,3,9,1,13,1920,BEL,0,363,151.0,14.0,30.0,4.0,155,438
12,Denmark,2,5,2,9,1924,FRA,0,292,86.0,13.0,34.0,6.0,126,378
13,Denmark,3,1,2,6,1928,NED,0,252,87.0,14.0,28.0,8.0,110,327
20,Denmark,0,5,3,8,1932,USA,0,268,43.0,9.0,23.0,5.0,125,370
23,Denmark,0,2,3,5,1936,GER,0,302,114.0,13.0,19.0,3.0,141,422
10,Denmark,5,7,8,20,1948,UNK,0,312,152.0,17.0,33.0,5.0,138,411
15,Denmark,2,1,3,6,1952,FIN,0,338,122.0,15.0,31.0,7.0,149,459
20,Denmark,1,2,1,4,1956,AUS,0,342,34.0,11.0,30.0,8.0,153,469
13,Denmark,2,3,1,6,1960,ITA,0,340,91.0,15.0,16.0,5.0,152,461
18,Denmark,2,1,3,6,1964,JPN,0,370,52.0,10.0,16.0,5.0,163,504
22,Denmark,1,4,3,8,1968,UNK,0,386,62.0,11.0,20.0,5.0,174,527
25,Denmark,1,0,0,1,1972,GER,0,439,126.0,17.0,15.0,4.0,195,600
24,Denmark,1,0,2,3,1976,CAN,0,444,66.0,15.0,12.0,3.0,198,613
16,Denmark,2,1,2,5,1980,URS,0,454,58.0,13.0,9.0,4.0,204,631
27,Denmark,0,3,3,6,1984,USA,0,492,60.0,11.0,14.0,3.0,226,688
23,Denmark,2,1,1,4,1988,KOR,0,528,78.0,15.0,15.0,4.0,241,739
30,Denmark,1,1,4,6,1992,ESP,0,573,101.0,14.0,16.0,3.0,260,815
19,Denmark,4,1,1,6,1996,USA,0,604,112.0,14.0,16.0,7.0,271,842
30,Denmark,2,3,1,6,2000,AUS,0,667,89.0,16.0,18.0,7.0,300,927
34,Denmark,2,1,5,8,2004,GRE,0,669,84.0,16.0,20.0,8.0,301,926
30,Denmark,2,2,3,7,2008,CHN,0,673,80.0,16.0,21.0,6.0,302,958
30,Denmark,2,4,3,9,2012,UNK,0,670,111.0,17.0,24.0,6.0,303,960
27,Denmark,2,6,7,15,2016,BRA,0,682,117.0,16.0,31.0,6.0,306,972
25,Denmark,3,4,4,11,2020,UNK,0,761,108.0,19.0,35.0,7.0,340,1080
29,Denmark,2,2,5,9,2024,FRA,0,738,128.0,24.0,35.0,7.0,328,1039
46,Djibouti,0,0,1,1,1988,KOR,0,528,6.0,2.0,1.0,0.0,241,739
62,Dominica,1,0,0,1,2024,FRA,0,738,4.0,2.0,1.0,1.0,328,1039
43,Dominican Republic,0,0,1,1,1984,USA,0,492,19.0,7.0,1.0,0.0,226,688
54,Dominican Republic,1,0,0,1,2004,GRE,0,669,33.0,9.0,2.0,1.0,301,926
47,Dominican Republic,1,1,0,2,2008,CHN,0,673,24.0,9.0,4.0,2.0,302,958
47,Dominican Republic,1,1,0,2,2012,UNK,0,670,33.0,10.0,5.0,3.0,303,960
78,Dominican Republic,0,0,1,1,2016,BRA,0,682,26.0,11.0,5.0,2.0,306,972
68,Dominican Republic,0,3,2,5,2020,UNK,0,761,66.0,11.0,8.0,1.0,340,1080
59,Dominican Republic,1,0,2,3,2024,FRA,0,738,59.0,13.0,9.0,1.0,328,1039
5,East Germany,9,9,7,25,1968,UNK,0,386,225.0,18.0,25.0,9.0,174,527
3,East Germany,20,23,23,66,1972,GER,0,439,291.0,18.0,91.0,29.0,195,600
2,East Germany,40,25,25,90,1976,CAN,0,444,267.0,17.0,181.0,69.0,198,613
2,East Germany,47,37,42,126,1980,URS,0,454,346.0,17.0,282.0,107.0,204,631
2,East Germany,37,35,30,102,1988,KOR,0,528,259.0,16.0,318.0,124.0,241,739
49,Ecuador,1,0,0,1,1996,USA,0,604,19.0,7.0,1.0,1.0,271,842
72,Ecuador,0,1,0,1,2008,CHN,0,673,25.0,9.0,2.0,1.0,302,958
38,Ecuador,2,1,0,3,2020,UNK,0,761,47.0,17.0,5.0,3.0,340,1080
49,Ecuador,1,2,2,5,2024,FRA,0,738,40.0,14.0,9.0,3.0,328,1039
17,Egypt,2,1,1,4,1928,NED,0,252,32.0,5.0,4.0,2.0,110,327
16,Egypt,2,1,2,5,1936,GER,0,302,53.0,10.0,9.0,4.0,141,422
16,Egypt,2,2,1,5,1948,UNK,0,312,85.0,12.0,14.0,6.0,138,411
40,Egypt,0,0,1,1,1952,FIN,0,338,106.0,14.0,11.0,4.0,149,459
30,Egypt,0,1,1,2,1960,ITA,0,340,0.0,0.0,8.0,2.0,152,461
33,Egypt,0,1,0,1,1984,USA,0,492,113.0,15.0,4.0,0.0,226,688
46,Egypt,1,1,3,5,2004,GRE,0,669,96.0,17.0,8.0,1.0,301,926
81,Egypt,0,0,2,2,2008,CHN,0,673,100.0,19.0,8.0,1.0,302,958
56,Egypt,0,3,1,4,2012,UNK,0,670,109.0,21.0,11.0,1.0,303,960
75,Egypt,0,0,3,3,2016,BRA,0,682,118.0,23.0,9.0,0.0,306,972
54,Egypt,1,1,4,6,2020,UNK,0,761,140.0,27.0,13.0,1.0,340,1080
52,Egypt,1,1,1,3,2024,FRA,0,738,155.0,26.0,12.0,2.0,328,1039
71,Eritrea,0,0,1,1,2004,GRE,0,669,4.0,1.0,1.0,0.0,301,926
14,Estonia,1,2,0,3,1920,BEL,0,363,14.0,3.0,3.0,1.0,155,438
17,Estonia,1,1,4,6,1924,FRA,0,292,37.0,5.0,9.0,2.0,126,378
16,Estonia,2,1,2,5,1928,NED,0,252,15.0,4.0,14.0,4.0,110,327
14,Estonia,2,2,3,7,1936,GER,0,302,32.0,7.0,18.0,5.0,141,422
34,Estonia,1,0,1,2,1992,ESP,0,573,37.0,13.0,14.0,5.0,260,815
47,Estonia,1,0,2,3,2000,AUS,0,667,33.0,11.0,12.0,4.0,300,927
64,Estonia,0,1,2,3,2004,GRE,0,669,42.0,10.0,8.0,2.0,301,926
47,Estonia,1,1,0,2,2008,CHN,0,673,47.0,13.0,8.0,2.0,302,958
65,Estonia,0,1,1,2,2012,UNK,0,670,32.0,11.0,7.0,1.0,303,960
78,Estonia,0,0,1,1,2016,BRA,0,682,46.0,13.0,5.0,1.0,306,972
59,Estonia,1,0,1,2,2020,UNK,0,761,33.0,15.0,5.0,1.0,340,1080
21,Ethiopia,1,0,0,1,1960,ITA,0,340,10.0,2.0,1.0,1.0,152,461
24,Ethiopia,1,0,0,1,1964,JPN,0,370,12.0,3.0,2.0,2.0,163,504
25,Ethiopia,1,1,0,2,1968,UNK,0,386,18.0,3.0,4.0,3.0,174,527
41,Ethiopia,0,0,2,2,1972,GER,0,439,31.0,3.0,5.0,2.0,195,600
17,Ethiopia,2,0,2,4,1980,URS,0,454,41.0,3.0,8.0,3.0,204,631
33,Ethiopia,1,0,2,3,1992,ESP,0,573,20.0,2.0,9.0,3.0,260,815
34,Ethiopia,2,0,1,3,1996,USA,0,604,18.0,2.0,10.0,5.0,271,842
20,Ethiopia,4,1,3,8,2000,AUS,0,667,26.0,2.0,14.0,7.0,300,927
28,Ethiopia,2,3,2,7,2004,GRE,0,669,26.0,2.0,18.0,8.0,301,926
17,Ethiopia,4,2,1,7,2008,CHN,0,673,27.0,1.0,22.0,10.0,302,958
25,Ethiopia,3,2,3,8,2012,UNK,0,670,33.0,2.0,22.0,9.0,303,960
44,Ethiopia,1,2,5,8,2016,BRA,0,682,37.0,3.0,23.0,8.0,306,972
56,Ethiopia,1,1,2,4,2020,UNK,0,761,37.0,4.0,20.0,5.0,340,1080
47,Ethiopia,1,3,0,4,2024,FRA,0,738,33.0,2.0,16.0,3.0,328,1039
41,FR Yugoslavia,1,1,2,4,1996,USA,0,604,0.0,0.0,4.0,1.0,271,842
44,FR Yugoslavia,1,1,1,3,2000,AUS,0,667,0.0,0.0,7.0,2.0,300,927
54,Fiji,1,0,0,1,2016,BRA,0,682,53.0,10.0,1.0,1.0,306,972
59,Fiji,1,0,1,2,2020,UNK,0,761,32.0,6.0,3.0,2.0,340,1080
74,Fiji,0,1,0,1,2024,FRA,0,738,36.0,7.0,4.0,2.0,328,1039
13,Finland,1,1,3,5,1908,UNK,0,267,62.0,6.0,5.0,1.0,110,324
4,Finland,9,8,9,26,1912,SWE,0,236,132.0,9.0,31.0,10.0,102,312
3,Finland,15,10,9,34,1920,BEL,0,363,63.0,9.0,65.0,25.0,155,438
2,Finland,14,13,10,37,1924,FRA,0,292,121.0,12.0,97.0,38.0,126,378
3,Finland,8,8,9,25,1928,NED,0,252,69.0,11.0,96.0,37.0,110,327
8,Finland,5,8,12,25,1932,USA,0,268,40.0,5.0,87.0,27.0,125,370
5,Finland,8,6,6,20,1936,GER,0,302,96.0,13.0,70.0,21.0,141,422
6,Finland,8,7,5,20,1948,UNK,0,312,118.0,16.0,65.0,21.0,138,411
8,Finland,6,3,13,22,1952,FIN,1,338,245.0,18.0,62.0,22.0,149,459
13,Finland,3,1,11,15,1956,AUS,0,342,68.0,14.0,57.0,17.0,153,469
17,Finland,1,1,3,5,1960,ITA,0,340,109.0,14.0,42.0,10.0,152,461
12,Finland,3,0,2,5,1964,JPN,0,370,84.0,12.0,25.0,7.0,163,504
24,Finland,1,2,1,4,1968,UNK,0,386,66.0,13.0,14.0,5.0,174,527
14,Finland,3,1,4,8,1972,GER,0,439,96.0,16.0,17.0,7.0,195,600
11,Finland,4,2,0,6,1976,CAN,0,444,83.0,14.0,18.0,8.0,198,613
12,Finland,3,1,4,8,1980,URS,0,454,105.0,16.0,22.0,10.0,204,631
15,Finland,4,2,6,12,1984,USA,0,492,86.0,15.0,26.0,11.0,226,688
25,Finland,1,1,2,4,1988,KOR,0,528,78.0,15.0,24.0,8.0,241,739
29,Finland,1,2,2,5,1992,ESP,0,573,87.0,16.0,21.0,6.0,260,815
40,Finland,1,2,1,4,1996,USA,0,604,76.0,15.0,13.0,3.0,271,842
31,Finland,2,1,1,4,2000,AUS,0,667,70.0,16.0,13.0,4.0,300,927
61,Finland,0,2,0,2,2004,GRE,0,669,53.0,12.0,10.0,3.0,301,926
44,Finland,1,1,2,4,2008,CHN,0,673,57.0,14.0,10.0,3.0,302,958
60,Finland,0,2,1,3,2012,UNK,0,670,56.0,14.0,9.0,1.0,303,960
78,Finland,0,0,1,1,2016,BRA,0,682,54.0,17.0,8.0,1.0,306,972
85,Finland,0,0,2,2,2020,UNK,0,761,45.0,11.0,6.0,0.0,340,1080
32,Formosa,0,1,0,1,1960,ITA,0,340,0.0,0.0,1.0,0.0,152,461
4,France,5,4,2,11,1896,GRE,0,107,12.0,6.0,11.0,5.0,43,122
1,France,27,39,37,103,1900,FRA,1,236,536.0,12.0,114.0,32.0,96,284
13,France,0,1,0,1,1904,USA,0,224,1.0,1.0,115.0,32.0,97,280
4,France,5,5,9,19,1908,UNK,0,267,182.0,10.0,123.0,32.0,110,324
5,France,7,4,3,14,1912,SWE,0,236,99.0,11.0,34.0,12.0,102,312
8,France,9,19,13,41,1920,BEL,0,363,298.0,22.0,74.0,21.0,155,438
3,France,13,15,10,38,1924,FRA,1,292,391.0,20.0,93.0,29.0,126,378
7,France,6,10,5,21,1928,NED,0,252,244.0,17.0,100.0,28.0,110,327
3,France,11,5,4,20,1932,USA,0,268,101.0,13.0,79.0,30.0,125,370
6,France,7,6,6,19,1936,GER,0,302,187.0,17.0,60.0,24.0,141,422
3,France,10,6,13,29,1948,UNK,0,312,304.0,20.0,68.0,28.0,138,411
7,France,6,6,6,18,1952,FIN,0,338,237.0,18.0,66.0,23.0,149,459
11,France,4,4,6,14,1956,AUS,0,342,138.0,16.0,61.0,20.0,153,469
25,France,0,2,3,5,1960,ITA,0,340,228.0,19.0,37.0,10.0,152,461
21,France,1,8,6,15,1964,JPN,0,370,136.0,14.0,34.0,5.0,163,504
6,France,7,3,5,15,1968,UNK,0,386,200.0,16.0,35.0,8.0,174,527
17,France,2,4,7,13,1972,GER,0,439,227.0,18.0,43.0,10.0,195,600
15,France,2,3,4,9,1976,CAN,0,444,206.0,18.0,37.0,11.0,198,613
8,France,6,5,3,14,1980,URS,0,454,121.0,13.0,36.0,10.0,204,631
12,France,5,7,16,28,1984,USA,0,492,238.0,21.0,51.0,13.0,226,688
9,France,6,4,6,16,1988,KOR,0,528,266.0,23.0,58.0,17.0,241,739
9,France,8,5,16,29,1992,ESP,0,573,331.0,25.0,73.0,19.0,260,815
5,France,15,7,15,37,1996,USA,0,604,293.0,25.0,82.0,29.0,271,842
6,France,13,14,11,38,2000,AUS,0,667,335.0,28.0,104.0,36.0,300,927
7,France,11,9,13,33,2004,GRE,0,669,307.0,27.0,108.0,39.0,301,926
10,France,7,16,20,43,2008,CHN,0,673,308.0,25.0,114.0,31.0,302,958
7,France,11,11,13,35,2012,UNK,0,670,323.0,28.0,111.0,29.0,303,960
7,France,10,18,14,42,2016,BRA,0,682,390.0,32.0,120.0,28.0,306,972
8,France,10,12,11,33,2020,UNK,0,761,396.0,41.0,110.0,31.0,340,1080
5,France,16,26,22,64,2024,FRA,1,738,601.0,46.0,139.0,36.0,328,1039
70,Gabon,0,1,0,1,2012,UNK,0,670,21.0,5.0,1.0,0.0,303,960
68,Georgia,0,0,2,2,1996,USA,0,604,34.0,13.0,2.0,0.0,271,842
68,Georgia,0,0,6,6,2000,AUS,0,667,36.0,12.0,8.0,0.0,300,927
32,Georgia,2,2,0,4,2004,GRE,0,669,32.0,10.0,12.0,2.0,301,926
28,Georgia,3,2,2,7,2008,CHN,0,673,35.0,11.0,17.0,5.0,302,958
40,Georgia,1,2,3,6,2012,UNK,0,670,34.0,10.0,17.0,6.0,303,960
38,Georgia,2,1,4,7,2016,BRA,0,682,40.0,12.0,20.0,6.0,306,972
33,Georgia,2,5,1,8,2020,UNK,0,761,35.0,11.0,21.0,5.0,340,1080
24,Georgia,3,3,1,7,2024,FRA,0,738,28.0,9.0,22.0,7.0,328,1039
3,Germany,6,5,2,13,1896,GRE,0,107,19.0,6.0,13.0,6.0,43,122
7,Germany,4,3,2,9,1900,FRA,0,236,33.0,6.0,22.0,10.0,96,284
2,Germany,4,5,6,15,1904,USA,0,224,22.0,8.0,37.0,14.0,97,280
5,Germany,3,5,5,13,1908,UNK,0,267,80.0,12.0,37.0,11.0,110,324
6,Germany,5,13,7,25,1912,SWE,0,236,162.0,14.0,53.0,12.0,102,312
2,Germany,10,7,14,31,1928,NED,0,252,288.0,16.0,69.0,18.0,110,327
7,Germany,5,12,7,24,1932,USA,0,268,145.0,15.0,80.0,20.0,125,370
1,Germany,38,31,32,101,1936,GER,1,302,419.0,21.0,156.0,53.0,141,422
28,Germany,0,7,17,24,1952,FIN,0,338,192.0,18.0,149.0,43.0,149,459
3,Germany,33,21,28,82,1992,ESP,0,573,457.0,26.0,207.0,71.0,260,815
3,Germany,20,18,27,65,1996,USA,0,604,459.0,26.0,171.0,53.0,271,842
5,Germany,13,17,26,56,2000,AUS,0,667,410.0,28.0,203.0,66.0,300,927
6,Germany,13,16,20,49,2004,GRE,0,669,427.0,28.0,170.0,46.0,301,926
5,Germany,16,11,14,41,2008,CHN,0,673,412.0,29.0,146.0,42.0,302,958
6,Germany,11,20,13,44,2012,UNK,0,670,374.0,26.0,134.0,40.0,303,960
5,Germany,17,10,15,42,2016,BRA,0,682,413.0,29.0,127.0,44.0,306,972
9,Germany,10,11,16,37,2020,UNK,0,761,415.0,37.0,123.0,38.0,340,1080
10,Germany,12,13,8,33,2024,FRA,0,738,457.0,42.0,112.0,39.0,328,1039
32,Ghana,0,1,0,1,1960,ITA,0,340,13.0,2.0,1.0,0.0,152,461
35,Ghana,0,0,1,1,1964,JPN,0,370,33.0,3.0,2.0,0.0,163,504
43,Ghana,0,0,1,1,1972,GER,0,439,35.0,3.0,3.0,0.0,195,600
54,Ghana,0,0,1,1,1992,ESP,0,573,34.0,4.0,3.0,0.0,260,815
86,Ghana,0,0,1,1,2020,UNK,0,761,14.0,5.0,3.0,0.0,340,1080
5,Great Britain,2,3,2,7,1896,GRE,0,107,10.0,7.0,7.0,2.0,43,122
3,Great Britain,15,7,9,31,1900,FRA,0,236,39.0,10.0,38.0,17.0,96,284
9,Great Britain,1,1,0,2,1904,USA,0,224,6.0,3.0,40.0,18.0,97,280
1,Great Britain,56,51,39,146,1908,UNK,0,267,550.0,18.0,179.0,72.0,110,324
3,Great Britain,10,15,16,41,1912,SWE,0,236,225.0,15.0,189.0,67.0,102,312
4,Great Britain,14,15,13,42,1920,BEL,0,363,225.0,20.0,229.0,80.0,155,438
4,Great Britain,9,13,12,34,1924,FRA,0,292,261.0,18.0,117.0,33.0,126,378
11,Great Britain,3,10,7,20,1928,NED,0,252,225.0,14.0,96.0,26.0,110,327
9,Great Britain,5,7,5,17,1932,USA,0,268,106.0,10.0,71.0,17.0,125,370
12,Great Britain,4,7,3,14,1936,GER,0,302,194.0,16.0,51.0,12.0,141,422
12,Great Britain,3,14,6,23,1948,UNK,0,312,395.0,20.0,54.0,12.0,138,411
18,Great Britain,1,2,8,11,1952,FIN,0,338,243.0,18.0,48.0,8.0,149,459
8,Great Britain,6,7,11,24,1956,AUS,0,342,186.0,18.0,58.0,10.0,153,469
12,Great Britain,2,6,12,20,1960,ITA,0,340,243.0,17.0,55.0,9.0,152,461
10,Great Britain,4,12,2,18,1964,JPN,0,370,196.0,17.0,62.0,12.0,163,504
10,Great Britain,5,5,3,13,1968,UNK,0,386,225.0,16.0,51.0,11.0,174,527
12,Great Britain,4,5,9,18,1972,GER,0,439,280.0,18.0,49.0,13.0,195,600
13,Great Britain,3,5,5,13,1976,CAN,0,444,242.0,17.0,44.0,12.0,198,613
9,Great Britain,5,7,9,21,1980,URS,0,454,219.0,14.0,52.0,12.0,204,631
11,Great Britain,5,11,21,37,1984,USA,0,492,337.0,20.0,71.0,13.0,226,688
12,Great Britain,5,10,9,24,1988,KOR,0,528,344.0,22.0,82.0,15.0,241,739
13,Great Britain,5,3,12,20,1992,ESP,0,573,359.0,23.0,81.0,15.0,260,815
36,Great Britain,1,8,6,15,1996,USA,0,604,298.0,22.0,59.0,11.0,271,842
10,Great Britain,11,10,7,28,2000,AUS,0,667,301.0,23.0,63.0,17.0,300,927
10,Great Britain,9,9,12,30,2004,GRE,0,669,258.0,24.0,73.0,21.0,301,926
4,Great Britain,19,13,19,51,2008,CHN,0,673,301.0,23.0,109.0,39.0,302,958
3,Great Britain,29,18,18,65,2012,UNK,0,670,525.0,32.0,146.0,57.0,303,960
2,Great Britain,27,23,17,67,2016,BRA,0,682,357.0,26.0,183.0,75.0,306,972
4,Great Britain,22,20,22,64,2020,UNK,0,761,392.0,35.0,196.0,78.0,340,1080
7,Great Britain,14,22,29,65,2024,FRA,0,738,343.0,33.0,196.0,63.0,328,1039
2,Greece,10,18,19,47,1896,GRE,1,107,101.0,9.0,47.0,10.0,43,122
11,Greece,1,0,1,2,1904,USA,0,224,11.0,2.0,49.0,11.0,97,280
15,Greece,0,3,1,4,1908,UNK,0,267,20.0,3.0,53.0,11.0,110,324
15,Greece,1,0,1,2,1912,SWE,0,236,22.0,5.0,8.0,2.0,102,312
19,Greece,0,1,0,1,1920,BEL,0,363,47.0,8.0,7.0,1.0,155,438
35,Greece,0,0,1,1,1956,AUS,0,342,11.0,4.0,4.0,1.0,153,469
21,Greece,1,0,0,1,1960,ITA,0,340,41.0,8.0,3.0,1.0,152,461
42,Greece,0,0,1,1,1968,UNK,0,386,44.0,7.0,3.0,1.0,174,527
29,Greece,0,2,0,2,1972,GER,0,439,60.0,9.0,4.0,1.0,195,600
22,Greece,1,0,2,3,1980,URS,0,454,41.0,8.0,6.0,1.0,204,631
30,Greece,0,1,1,2,1984,USA,0,492,63.0,11.0,7.0,1.0,226,688
46,Greece,0,0,1,1,1988,KOR,0,528,56.0,12.0,6.0,1.0,241,739
26,Greece,2,0,0,2,1992,ESP,0,573,70.0,17.0,5.0,2.0,260,815
16,Greece,4,4,0,8,1996,USA,0,604,121.0,18.0,11.0,6.0,271,842
17,Greece,4,6,3,13,2000,AUS,0,667,140.0,23.0,23.0,10.0,300,927
15,Greece,6,6,4,16,2004,GRE,1,669,422.0,33.0,37.0,14.0,301,926
60,Greece,0,2,1,3,2008,CHN,0,673,148.0,22.0,32.0,10.0,302,958
77,Greece,0,0,2,2,2012,UNK,0,670,102.0,20.0,21.0,6.0,303,960
25,Greece,3,1,2,6,2016,BRA,0,682,92.0,16.0,11.0,3.0,306,972
36,Greece,2,1,1,4,2020,UNK,0,761,82.0,20.0,12.0,5.0,340,1080
51,Greece,1,1,6,8,2024,FRA,0,738,100.0,17.0,18.0,6.0,328,1039
50,Grenada,1,0,0,1,2012,UNK,0,670,8.0,3.0,1.0,1.0,303,960
69,Grenada,0,1,0,1,2016,BRA,0,682,6.0,2.0,2.0,1.0,306,972
86,Grenada,0,0,1,1,2020,UNK,0,761,6.0,2.0,3.0,1.0,340,1080
80,Grenada,0,0,2,2,2024,FRA,0,738,6.0,2.0,4.0,0.0,328,1039
70,Guatemala,0,1,0,1,2012,UNK,0,670,19.0,11.0,1.0,0.0,303,960
60,Guatemala,1,0,1,2,2024,FRA,0,738,16.0,7.0,3.0,1.0,328,1039
35,Guyana,0,0,1,1,1980,URS,0,454,8.0,3.0,1.0,0.0,204,631
23,Haiti,0,0,1,1,1924,FRA,0,292,8.0,2.0,1.0,0.0,126,378
30,Haiti,0,1,0,1,1928,NED,0,252,2.0,1.0,2.0,0.0,110,327
49,Hong Kong,1,0,0,1,1996,USA,0,604,22.0,10.0,1.0,1.0,271,842
65,Hong Kong,0,1,0,1,2004,GRE,0,669,30.0,10.0,2.0,1.0,301,926
79,Hong Kong,0,0,1,1,2012,UNK,0,670,41.0,13.0,3.0,1.0,303,960
49,Hong Kong,1,2,3,6,2020,UNK,0,761,0.0,0.0,8.0,1.0,340,1080
37,Hong Kong,2,0,2,4,2024,FRA,0,738,0.0,0.0,11.0,3.0,328,1039
6,Hungary,2,1,3,6,1896,GRE,0,107,7.0,6.0,6.0,2.0,43,122
11,Hungary,1,2,2,5,1900,FRA,0,236,18.0,4.0,11.0,3.0,96,284
5,Hungary,2,1,1,4,1904,USA,0,224,4.0,2.0,15.0,5.0,97,280
6,Hungary,3,4,2,9,1908,UNK,0,267,56.0,8.0,18.0,6.0,110,324
9,Hungary,3,2,3,8,1912,SWE,0,236,112.0,11.0,21.0,8.0,102,312
13,Hungary,2,3,4,9,1924,FRA,0,292,89.0,12.0,26.0,8.0,126,378
9,Hungary,4,5,0,9,1928,NED,0,252,104.0,12.0,26.0,9.0,110,327
6,Hungary,6,5,5,16,1932,USA,0,268,58.0,11.0,34.0,12.0,125,370
3,Hungary,10,1,5,16,1936,GER,0,302,215.0,20.0,41.0,20.0,141,422
4,Hungary,10,5,12,27,1948,UNK,0,312,128.0,15.0,59.0,26.0,138,411
3,Hungary,16,10,16,42,1952,FIN,0,338,188.0,15.0,85.0,36.0,149,459
4,Hungary,9,10,7,26,1956,AUS,0,342,111.0,13.0,95.0,35.0,153,469
7,Hungary,6,8,7,21,1960,ITA,0,340,179.0,18.0,89.0,31.0,152,461
6,Hungary,10,7,5,22,1964,JPN,0,370,182.0,17.0,69.0,25.0,163,504
4,Hungary,10,10,12,32,1968,UNK,0,386,166.0,15.0,75.0,26.0,174,527
8,Hungary,6,13,16,35,1972,GER,0,439,226.0,20.0,89.0,26.0,195,600
10,Hungary,4,5,13,22,1976,CAN,0,444,177.0,17.0,89.0,20.0,198,613
6,Hungary,7,10,15,32,1980,URS,0,454,260.0,21.0,89.0,17.0,204,631
6,Hungary,11,6,6,23,1988,KOR,0,528,188.0,20.0,77.0,22.0,241,739
8,Hungary,11,12,7,30,1992,ESP,0,573,215.0,23.0,85.0,29.0,260,815
12,Hungary,7,4,10,21,1996,USA,0,604,212.0,24.0,74.0,29.0,271,842
13,Hungary,8,6,3,17,2000,AUS,0,667,178.0,23.0,68.0,26.0,300,927
12,Hungary,8,6,3,17,2004,GRE,0,669,206.0,20.0,55.0,23.0,301,926
21,Hungary,3,5,2,10,2008,CHN,0,673,169.0,20.0,44.0,19.0,302,958
10,Hungary,8,4,6,18,2012,UNK,0,670,151.0,21.0,45.0,19.0,303,960
12,Hungary,8,3,4,15,2016,BRA,0,682,153.0,20.0,43.0,19.0,306,972
15,Hungary,6,7,7,20,2020,UNK,0,761,171.0,25.0,53.0,22.0,340,1080
14,Hungary,6,7,6,19,2024,FRA,0,738,177.0,24.0,54.0,20.0,328,1039
31,Iceland,0,1,0,1,1956,AUS,0,342,2.0,1.0,1.0,0.0,153,469
43,Iceland,0,0,1,1,1984,USA,0,492,30.0,5.0,2.0,0.0,226,688
71,Iceland,0,0,1,1,2000,AUS,0,667,18.0,5.0,3.0,0.0,300,927
72,Iceland,0,1,0,1,2008,CHN,0,673,27.0,5.0,3.0,0.0,302,958
51,Independent Olympic Athletes,1,0,1,2,2016,BRA,0,682,0.0,0.0,2.0,1.0,306,972
44,Independent Olympic Participants,0,1,2,3,1992,ESP,0,573,0.0,0.0,3.0,0.0,260,815
19,India,0,2,0,2,1900,FRA,0,236,1.0,1.0,2.0,0.0,96,284
24,India,1,0,0,1,1928,NED,0,252,21.0,2.0,3.0,1.0,110,327
19,India,1,0,0,1,1932,USA,0,268,19.0,3.0,4.0,2.0,125,370
20,India,1,0,0,1,1936,GER,0,302,27.0,4.0,3.0,3.0,141,422
22,India,1,0,0,1,1948,UNK,0,312,79.0,10.0,3.0,3.0,138,411
26,India,1,0,1,2,1952,FIN,0,338,64.0,11.0,4.0,3.0,149,459
24,India,1,0,0,1,1956,AUS,0,342,58.0,8.0,4.0,3.0,153,469
32,India,0,1,0,1,1960,ITA,0,340,45.0,6.0,4.0,2.0,152,461
24,India,1,0,0,1,1964,JPN,0,370,52.0,8.0,3.0,2.0,163,504
42,India,0,0,1,1,1968,UNK,0,386,23.0,5.0,3.0,1.0,174,527
43,India,0,0,1,1,1972,GER,0,439,41.0,7.0,3.0,1.0,195,600
23,India,1,0,0,1,1980,URS,0,454,71.0,8.0,3.0,1.0,204,631
71,India,0,0,1,1,1996,USA,0,604,49.0,13.0,3.0,1.0,271,842
71,India,0,0,1,1,2000,AUS,0,667,65.0,13.0,3.0,1.0,300,927
65,India,0,1,0,1,2004,GRE,0,669,73.0,14.0,3.0,0.0,301,926
51,India,1,0,2,3,2008,CHN,0,673,53.0,12.0,5.0,1.0,302,958
57,India,0,2,4,6,2012,UNK,0,670,79.0,13.0,10.0,1.0,303,960
67,India,0,1,1,2,2016,BRA,0,682,112.0,15.0,11.0,1.0,306,972
48,India,1,2,4,7,2020,UNK,0,761,126.0,18.0,15.0,1.0,340,1080
71,India,0,1,5,6,2024,FRA,0,738,112.0,16.0,15.0,1.0,328,1039
36,Indonesia,0,1,0,1,1988,KOR,0,528,29.0,11.0,1.0,0.0,241,739
24,Indonesia,2,2,1,5,1992,ESP,0,573,34.0,10.0,6.0,2.0,260,815
41,Indonesia,1,1,2,4,1996,USA,0,604,28.0,11.0,10.0,3.0,271,842
38,Indonesia,1,3,2,6,2000,AUS,0,667,35.0,12.0,15.0,4.0,300,927
48,Indonesia,1,1,2,4,2004,GRE,0,669,30.0,14.0,14.0,3.0,301,926
40,Indonesia,1,1,4,6,2008,CHN,0,673,18.0,7.0,16.0,3.0,302,958
60,Indonesia,0,2,1,3,2012,UNK,0,670,22.0,8.0,13.0,2.0,303,960
46,Indonesia,1,2,0,3,2016,BRA,0,682,24.0,7.0,12.0,2.0,306,972
55,Indonesia,1,1,3,5,2020,UNK,0,761,28.0,8.0,11.0,2.0,340,1080
39,Indonesia,2,0,1,3,2024,FRA,0,738,29.0,12.0,11.0,4.0,328,1039
34,Iran,0,0,1,1,1948,UNK,0,312,36.0,5.0,1.0,0.0,138,411
30,Iran,0,3,4,7,1952,FIN,0,338,22.0,4.0,8.0,0.0,149,459
14,Iran,2,2,1,5,1956,AUS,0,342,17.0,3.0,13.0,2.0,153,469
27,Iran,0,1,3,4,1960,ITA,0,340,23.0,5.0,16.0,2.0,152,461
34,Iran,0,0,2,2,1964,JPN,0,370,62.0,11.0,11.0,2.0,163,504
19,Iran,2,1,2,5,1968,UNK,0,386,14.0,3.0,11.0,2.0,174,527
28,Iran,0,2,1,3,1972,GER,0,439,48.0,7.0,10.0,2.0,195,600
33,Iran,0,1,1,2,1976,CAN,0,444,84.0,9.0,10.0,2.0,198,613
36,Iran,0,1,0,1,1988,KOR,0,528,23.0,3.0,6.0,0.0,241,739
44,Iran,0,1,2,3,1992,ESP,0,573,36.0,6.0,6.0,0.0,260,815
43,Iran,1,1,1,3,1996,USA,0,604,18.0,6.0,7.0,1.0,271,842
27,Iran,3,0,1,4,2000,AUS,0,667,33.0,12.0,10.0,4.0,300,927
29,Iran,2,2,2,6,2004,GRE,0,669,37.0,10.0,13.0,6.0,301,926
52,Iran,1,0,1,2,2008,CHN,0,673,54.0,12.0,12.0,6.0,302,958
12,Iran,7,5,1,13,2012,UNK,0,670,52.0,13.0,21.0,10.0,303,960
24,Iran,3,1,4,8,2016,BRA,0,682,63.0,15.0,23.0,11.0,306,972
27,Iran,3,2,2,7,2020,UNK,0,761,65.0,17.0,28.0,13.0,340,1080
21,Iran,3,6,3,12,2024,FRA,0,738,0.0,0.0,27.0,9.0,328,1039
41,Iraq,0,0,1,1,1960,ITA,0,340,21.0,5.0,1.0,0.0,152,461
24,Ireland,1,0,0,1,1928,NED,0,252,38.0,6.0,1.0,1.0,110,327
16,Ireland,2,0,0,2,1932,USA,0,268,16.0,3.0,3.0,3.0,125,370
34,Ireland,0,1,0,1,1952,FIN,0,338,19.0,6.0,4.0,3.0,149,459
21,Ireland,1,1,3,5,1956,AUS,0,342,18.0,5.0,8.0,3.0,153,469
35,Ireland,0,0,1,1,1964,JPN,0,370,22.0,7.0,7.0,1.0,163,504
31,Ireland,0,1,1,2,1980,URS,0,454,47.0,11.0,8.0,1.0,204,631
33,Ireland,0,1,0,1,1984,USA,0,492,42.0,10.0,4.0,0.0,226,688
32,Ireland,1,1,0,2,1992,ESP,0,573,58.0,12.0,5.0,1.0,260,815
28,Ireland,3,0,1,4,1996,USA,0,604,78.0,13.0,7.0,4.0,271,842
64,Ireland,0,1,0,1,2000,AUS,0,667,64.0,10.0,7.0,4.0,300,927
64,Ireland,0,1,2,3,2008,CHN,0,673,55.0,12.0,8.0,3.0,302,958
41,Ireland,1,1,4,6,2012,UNK,0,670,64.0,14.0,10.0,1.0,303,960
63,Ireland,0,2,0,2,2016,BRA,0,682,76.0,14.0,11.0,1.0,306,972
39,Ireland,2,0,2,4,2020,UNK,0,761,125.0,20.0,12.0,3.0,340,1080
19,Ireland,4,0,3,7,2024,FRA,0,738,143.0,17.0,13.0,6.0,328,1039
48,Israel,0,1,1,2,1992,ESP,0,573,30.0,10.0,2.0,0.0,260,815
71,Israel,0,0,1,1,1996,USA,0,604,25.0,10.0,3.0,0.0,271,842
71,Israel,0,0,1,1,2000,AUS,0,667,39.0,9.0,4.0,0.0,300,927
52,Israel,1,0,1,2,2004,GRE,0,669,36.0,14.0,4.0,1.0,301,926
82,Israel,0,0,1,1,2008,CHN,0,673,43.0,12.0,4.0,1.0,302,958
77,Israel,0,0,2,2,2016,BRA,0,682,47.0,16.0,5.0,1.0,306,972
39,Israel,2,0,2,4,2020,UNK,0,761,90.0,19.0,7.0,2.0,340,1080
41,Israel,1,5,1,7,2024,FRA,0,738,89.0,20.0,13.0,3.0,328,1039
8,Italy,3,2,0,5,1900,FRA,0,236,23.0,6.0,5.0,3.0,96,284
9,Italy,2,2,0,4,1908,UNK,0,267,66.0,8.0,9.0,5.0,110,324
11,Italy,3,1,2,6,1912,SWE,0,236,66.0,8.0,15.0,8.0,102,312
7,Italy,13,5,5,23,1920,BEL,0,363,173.0,18.0,33.0,18.0,155,438
5,Italy,8,3,5,16,1924,FRA,0,292,196.0,17.0,45.0,24.0,126,378
5,Italy,7,5,7,19,1928,NED,0,252,163.0,15.0,58.0,28.0,110,327
2,Italy,12,12,12,36,1932,USA,0,268,112.0,13.0,71.0,27.0,125,370
4,Italy,9,13,5,27,1936,GER,0,302,230.0,16.0,82.0,28.0,141,422
5,Italy,8,11,8,27,1948,UNK,0,312,201.0,16.0,90.0,29.0,138,411
5,Italy,8,9,4,21,1952,FIN,0,338,218.0,19.0,75.0,25.0,149,459
5,Italy,8,8,9,25,1956,AUS,0,342,124.0,14.0,73.0,24.0,153,469
3,Italy,13,10,13,36,1960,ITA,1,340,270.0,19.0,82.0,29.0,152,461
5,Italy,10,10,7,27,1964,JPN,0,370,157.0,17.0,88.0,31.0,163,504
13,Italy,3,4,9,16,1968,UNK,0,386,167.0,17.0,79.0,26.0,174,527
10,Italy,5,3,10,18,1972,GER,0,439,223.0,19.0,61.0,18.0,195,600
14,Italy,2,7,4,13,1976,CAN,0,444,209.0,20.0,47.0,10.0,198,613
5,Italy,8,3,4,15,1980,URS,0,454,159.0,19.0,46.0,15.0,204,631
5,Italy,14,6,12,32,1984,USA,0,492,268.0,23.0,60.0,24.0,226,688
10,Italy,6,4,4,14,1988,KOR,0,528,253.0,23.0,61.0,28.0,241,739
12,Italy,6,5,8,19,1992,ESP,0,573,304.0,26.0,65.0,26.0,260,815
6,Italy,13,10,12,35,1996,USA,0,604,340.0,27.0,68.0,25.0,271,842
7,Italy,13,8,13,34,2000,AUS,0,667,357.0,29.0,88.0,32.0,300,927
8,Italy,10,11,11,32,2004,GRE,0,669,363.0,30.0,101.0,36.0,301,926
9,Italy,8,9,10,27,2008,CHN,0,673,332.0,29.0,93.0,31.0,302,958
9,Italy,8,9,11,28,2012,UNK,0,670,281.0,28.0,87.0,26.0,303,960
9,Italy,8,12,8,28,2016,BRA,0,682,305.0,26.0,83.0,24.0,306,972
10,Italy,10,10,20,40,2020,UNK,0,761,377.0,39.0,96.0,26.0,340,1080
9,Italy,12,13,15,40,2024,FRA,0,738,397.0,39.0,108.0,30.0,328,1039
33,Ivory Coast,0,1,0,1,1984,USA,0,492,0.0,0.0,1.0,0.0,226,688
51,Ivory Coast,1,0,1,2,2016,BRA,0,682,0.0,0.0,3.0,1.0,306,972
86,Ivory Coast,0,0,1,1,2020,UNK,0,761,31.0,6.0,4.0,1.0,340,1080
84,Ivory Coast,0,0,1,1,2024,FRA,0,738,0.0,0.0,4.0,1.0,328,1039
20,Jamaica,1,2,0,3,1948,UNK,0,312,13.0,3.0,3.0,1.0,138,411
13,Jamaica,2,3,0,5,1952,FIN,0,338,8.0,2.0,8.0,3.0,149,459
39,Jamaica,0,1,0,1,1968,UNK,0,386,25.0,5.0,9.0,3.0,174,527
43,Jamaica,0,0,1,1,1972,GER,0,439,32.0,6.0,7.0,2.0,195,600
21,Jamaica,1,1,0,2,1976,CAN,0,444,20.0,3.0,4.0,1.0,198,613
34,Jamaica,0,0,3,3,1980,URS,0,454,18.0,2.0,6.0,1.0,204,631
28,Jamaica,0,1,2,3,1984,USA,0,492,45.0,5.0,8.0,1.0,226,688
34,Jamaica,0,2,0,2,1988,KOR,0,528,35.0,5.0,8.0,0.0,241,739
38,Jamaica,0,3,1,4,1992,ESP,0,573,36.0,5.0,9.0,0.0,260,815
39,Jamaica,1,3,2,6,1996,USA,0,604,46.0,5.0,12.0,1.0,271,842
54,Jamaica,0,6,3,9,2000,AUS,0,667,48.0,4.0,19.0,1.0,300,927
35,Jamaica,2,1,2,5,2004,GRE,0,669,47.0,4.0,20.0,3.0,301,926
15,Jamaica,5,4,2,11,2008,CHN,0,673,50.0,4.0,25.0,7.0,302,958
18,Jamaica,4,5,4,13,2012,UNK,0,670,45.0,4.0,29.0,11.0,303,960
16,Jamaica,6,3,2,11,2016,BRA,0,682,56.0,4.0,35.0,15.0,306,972
21,Jamaica,4,1,4,9,2020,UNK,0,761,61.0,6.0,33.0,14.0,340,1080
44,Jamaica,1,3,2,6,2024,FRA,0,738,65.0,4.0,26.0,11.0,328,1039
17,Japan,0,2,0,2,1920,BEL,0,363,15.0,4.0,2.0,0.0,155,438
23,Japan,0,0,1,1,1924,FRA,0,292,19.0,4.0,3.0,0.0,126,378
15,Japan,2,2,1,5,1928,NED,0,252,40.0,7.0,8.0,2.0,110,327
5,Japan,7,7,4,18,1932,USA,0,268,157.0,11.0,24.0,9.0,125,370
8,Japan,6,4,10,20,1936,GER,0,302,217.0,13.0,43.0,15.0,141,422
17,Japan,1,6,2,9,1952,FIN,0,338,69.0,13.0,47.0,14.0,149,459
10,Japan,4,10,5,19,1956,AUS,0,342,112.0,14.0,48.0,11.0,153,469
8,Japan,4,7,7,18,1960,ITA,0,340,156.0,17.0,46.0,9.0,152,461
3,Japan,16,5,8,29,1964,JPN,1,370,318.0,21.0,66.0,24.0,163,504
3,Japan,11,7,7,25,1968,UNK,0,386,171.0,18.0,72.0,31.0,174,527
5,Japan,13,8,8,29,1972,GER,0,439,184.0,21.0,83.0,40.0,195,600
5,Japan,9,6,10,25,1976,CAN,0,444,213.0,20.0,79.0,33.0,198,613
7,Japan,10,8,14,32,1984,USA,0,492,226.0,22.0,86.0,32.0,226,688
14,Japan,4,3,7,14,1988,KOR,0,528,254.0,23.0,71.0,23.0,241,739
17,Japan,3,8,11,22,1992,ESP,0,573,247.0,24.0,68.0,17.0,260,815
23,Japan,3,6,5,14,1996,USA,0,604,296.0,27.0,50.0,10.0,271,842
15,Japan,5,8,5,18,2000,AUS,0,667,255.0,27.0,54.0,11.0,300,927
5,Japan,16,9,12,37,2004,GRE,0,669,300.0,31.0,69.0,24.0,301,926
8,Japan,9,8,8,25,2008,CHN,0,673,324.0,31.0,80.0,30.0,302,958
11,Japan,7,14,17,38,2012,UNK,0,670,287.0,29.0,100.0,32.0,303,960
6,Japan,12,8,21,41,2016,BRA,0,682,335.0,32.0,104.0,28.0,306,972
3,Japan,27,14,17,58,2020,UNK,0,761,613.0,46.0,137.0,46.0,340,1080
3,Japan,20,12,13,45,2024,FRA,0,738,430.0,41.0,144.0,59.0,328,1039
54,Jordan,1,0,0,1,2016,BRA,0,682,8.0,6.0,1.0,1.0,306,972
74,Jordan,0,1,1,2,2020,UNK,0,761,14.0,8.0,3.0,1.0,340,1080
74,Jordan,0,1,0,1,2024,FRA,0,738,12.0,6.0,4.0,1.0,328,1039
24,Kazakhstan,3,4,4,11,1996,USA,0,604,96.0,14.0,11.0,3.0,271,842
22,Kazakhstan,3,4,0,7,2000,AUS,0,667,130.0,17.0,18.0,6.0,300,927
40,Kazakhstan,1,4,3,8,2004,GRE,0,669,114.0,17.0,26.0,7.0,301,926
29,Kazakhstan,2,3,4,9,2008,CHN,0,673,130.0,19.0,24.0,6.0,302,958
23,Kazakhstan,3,2,6,11,2012,UNK,0,670,113.0,19.0,28.0,6.0,303,960
30,Kazakhstan,2,5,10,17,2016,BRA,0,682,101.0,19.0,37.0,7.0,306,972
83,Kazakhstan,0,0,8,8,2020,UNK,0,761,97.0,25.0,36.0,5.0,340,1080
43,Kazakhstan,1,3,3,7,2024,FRA,0,738,79.0,23.0,32.0,3.0,328,1039
35,Kenya,0,0,1,1,1964,JPN,0,370,37.0,5.0,1.0,0.0,163,504
14,Kenya,3,4,2,9,1968,UNK,0,386,39.0,4.0,10.0,3.0,174,527
19,Kenya,2,3,4,9,1972,GER,0,439,57.0,4.0,19.0,5.0,195,600
23,Kenya,1,0,2,3,1984,USA,0,492,61.0,5.0,21.0,6.0,226,688
13,Kenya,5,2,2,9,1988,KOR,0,528,74.0,7.0,21.0,8.0,241,739
21,Kenya,2,4,2,8,1992,ESP,0,573,49.0,5.0,20.0,8.0,260,815
38,Kenya,1,4,3,8,1996,USA,0,604,52.0,5.0,25.0,8.0,271,842
29,Kenya,2,3,2,7,2000,AUS,0,667,56.0,6.0,23.0,5.0,300,927
41,Kenya,1,4,2,7,2004,GRE,0,669,46.0,4.0,22.0,4.0,301,926
13,Kenya,6,4,6,16,2008,CHN,0,673,46.0,5.0,30.0,9.0,302,958
29,Kenya,2,4,7,13,2012,UNK,0,670,47.0,4.0,36.0,9.0,303,960
15,Kenya,6,6,1,13,2016,BRA,0,682,79.0,7.0,42.0,14.0,306,972
19,Kenya,4,4,2,10,2020,UNK,0,761,87.0,7.0,36.0,12.0,340,1080
17,Kenya,4,2,5,11,2024,FRA,0,738,74.0,6.0,34.0,14.0,328,1039
54,Kosovo,1,0,0,1,2016,BRA,0,682,8.0,5.0,1.0,1.0,306,972
42,Kosovo,2,0,0,2,2020,UNK,0,761,11.0,6.0,3.0,3.0,340,1080
73,Kosovo,0,1,1,2,2024,FRA,0,738,9.0,4.0,5.0,3.0,328,1039
71,Kuwait,0,0,1,1,2000,AUS,0,667,29.0,6.0,1.0,0.0,300,927
79,Kuwait,0,0,1,1,2012,UNK,0,670,10.0,4.0,2.0,0.0,303,960
86,Kuwait,0,0,1,1,2020,UNK,0,761,10.0,5.0,3.0,0.0,340,1080
71,Kyrgyzstan,0,0,1,1,2000,AUS,0,667,48.0,9.0,1.0,0.0,300,927
64,Kyrgyzstan,0,1,2,3,2008,CHN,0,673,20.0,9.0,4.0,0.0,302,958
70,Kyrgyzstan,0,2,1,3,2020,UNK,0,761,16.0,7.0,7.0,0.0,340,1080
68,Kyrgyzstan,0,2,4,6,2024,FRA,0,738,16.0,5.0,12.0,0.0,328,1039
22,Latvia,0,1,0,1,1932,USA,0,268,5.0,2.0,1.0,0.0,125,370
24,Latvia,0,1,1,2,1936,GER,0,302,29.0,6.0,3.0,0.0,141,422
40,Latvia,0,2,1,3,1992,ESP,0,573,34.0,13.0,6.0,0.0,260,815
61,Latvia,0,1,0,1,1996,USA,0,604,47.0,12.0,6.0,0.0,271,842
44,Latvia,1,1,1,3,2000,AUS,0,667,45.0,13.0,7.0,1.0,300,927
58,Latvia,0,4,0,4,2004,GRE,0,669,32.0,11.0,8.0,1.0,301,926
46,Latvia,1,1,1,3,2008,CHN,0,673,47.0,11.0,10.0,2.0,302,958
48,Latvia,1,0,1,2,2012,UNK,0,670,41.0,11.0,9.0,2.0,303,960
59,Latvia,1,0,1,2,2020,UNK,0,761,33.0,15.0,7.0,3.0,340,1080
32,Lebanon,0,1,1,2,1952,FIN,0,338,9.0,4.0,2.0,0.0,149,459
33,Lebanon,0,1,0,1,1972,GER,0,439,19.0,9.0,3.0,0.0,195,600
35,Lebanon,0,0,1,1,1980,URS,0,454,15.0,8.0,4.0,0.0,204,631
34,Lithuania,1,0,1,2,1992,ESP,0,573,47.0,11.0,2.0,1.0,260,815
71,Lithuania,0,0,1,1,1996,USA,0,604,61.0,14.0,3.0,1.0,271,842
33,Lithuania,2,0,3,5,2000,AUS,0,667,61.0,15.0,8.0,3.0,300,927
45,Lithuania,1,2,0,3,2004,GRE,0,669,59.0,13.0,9.0,3.0,301,926
57,Lithuania,0,3,2,5,2008,CHN,0,673,71.0,16.0,13.0,3.0,302,958
35,Lithuania,2,0,3,5,2012,UNK,0,670,62.0,14.0,13.0,3.0,303,960
65,Lithuania,0,1,3,4,2016,BRA,0,682,67.0,15.0,14.0,2.0,306,972
77,Lithuania,0,1,0,1,2020,UNK,0,761,42.0,13.0,10.0,2.0,340,1080
70,Lithuania,0,2,2,4,2024,FRA,0,738,51.0,14.0,9.0,0.0,328,1039
14,Luxembourg,1,0,0,1,1900,FRA,0,236,1.0,1.0,1.0,1.0,96,284
19,Luxembourg,0,1,0,1,1920,BEL,0,363,25.0,6.0,2.0,1.0,155,438
27,Luxembourg,1,0,0,1,1952,FIN,0,338,44.0,9.0,3.0,2.0,149,459
71,Macedonia,0,0,1,1,2000,AUS,0,667,10.0,5.0,1.0,0.0,300,927
54,Malaysia,0,0,1,1,1992,ESP,0,573,22.0,6.0,1.0,0.0,260,815
58,Malaysia,0,1,1,2,1996,USA,0,604,31.0,8.0,3.0,0.0,271,842
72,Malaysia,0,1,0,1,2008,CHN,0,673,27.0,10.0,4.0,0.0,302,958
65,Malaysia,0,1,1,2,2012,UNK,0,670,28.0,9.0,5.0,0.0,303,960
60,Malaysia,0,4,1,5,2016,BRA,0,682,32.0,10.0,8.0,0.0,306,972
74,Malaysia,0,1,1,2,2020,UNK,0,761,30.0,10.0,9.0,0.0,340,1080
80,Malaysia,0,0,2,2,2024,FRA,0,738,26.0,11.0,9.0,0.0,328,1039
82,Mauritius,0,0,1,1,2008,CHN,0,673,11.0,7.0,1.0,0.0,302,958
21,Mexico,0,2,0,2,1932,USA,0,268,72.0,12.0,2.0,0.0,125,370
28,Mexico,0,0,3,3,1936,GER,0,302,32.0,8.0,5.0,0.0,141,422
17,Mexico,2,1,2,5,1948,UNK,0,312,88.0,14.0,10.0,2.0,138,411
34,Mexico,0,1,0,1,1952,FIN,0,338,64.0,13.0,9.0,2.0,149,459
23,Mexico,1,0,1,2,1956,AUS,0,342,24.0,10.0,8.0,3.0,153,469
41,Mexico,0,0,1,1,1960,ITA,0,340,67.0,13.0,4.0,1.0,152,461
35,Mexico,0,0,1,1,1964,JPN,0,370,83.0,15.0,4.0,1.0,163,504
15,Mexico,3,3,3,9,1968,UNK,0,386,272.0,20.0,11.0,3.0,174,527
33,Mexico,0,1,0,1,1972,GER,0,439,171.0,20.0,11.0,3.0,195,600
25,Mexico,1,0,1,2,1976,CAN,0,444,96.0,17.0,12.0,4.0,198,613
29,Mexico,0,1,3,4,1980,URS,0,454,45.0,12.0,7.0,1.0,204,631
17,Mexico,2,3,1,6,1984,USA,0,492,98.0,18.0,12.0,3.0,226,688
44,Mexico,0,0,2,2,1988,KOR,0,528,81.0,17.0,12.0,2.0,241,739
49,Mexico,0,1,0,1,1992,ESP,0,573,102.0,18.0,9.0,2.0,260,815
71,Mexico,0,0,1,1,1996,USA,0,604,97.0,19.0,4.0,0.0,271,842
40,Mexico,1,2,3,6,2000,AUS,0,667,78.0,19.0,8.0,1.0,300,927
59,Mexico,0,3,1,4,2004,GRE,0,669,109.0,20.0,11.0,1.0,301,926
36,Mexico,2,0,2,4,2008,CHN,0,673,83.0,23.0,14.0,3.0,302,958
39,Mexico,1,3,4,8,2012,UNK,0,670,99.0,23.0,16.0,3.0,303,960
61,Mexico,0,3,2,5,2016,BRA,0,682,122.0,27.0,17.0,3.0,306,972
84,Mexico,0,0,4,4,2020,UNK,0,761,162.0,31.0,17.0,1.0,340,1080
65,Mexico,0,3,2,5,2024,FRA,0,738,108.0,29.0,14.0,0.0,328,1039
11,Mixed team,1,0,1,2,1896,GRE,0,107,0.0,0.0,2.0,1.0,43,122
4,Mixed team,8,5,6,19,1900,FRA,0,236,0.0,0.0,21.0,9.0,96,284
5,Mixed team,2,1,1,4,1904,USA,0,224,0.0,0.0,25.0,11.0,97,280
58,Moldova,0,1,1,2,1996,USA,0,604,40.0,10.0,2.0,0.0,271,842
61,Moldova,0,1,1,2,2000,AUS,0,667,34.0,7.0,4.0,0.0,300,927
82,Moldova,0,0,1,1,2008,CHN,0,673,29.0,8.0,5.0,0.0,302,958
86,Moldova,0,0,1,1,2020,UNK,0,761,20.0,8.0,4.0,0.0,340,1080
72,Moldova,0,1,3,4,2024,FRA,0,738,0.0,0.0,6.0,0.0,328,1039
34,Mongolia,0,1,3,4,1968,UNK,0,386,16.0,4.0,4.0,0.0,174,527
33,Mongolia,0,1,0,1,1972,GER,0,439,39.0,7.0,5.0,0.0,195,600
34,Mongolia,0,1,0,1,1976,CAN,0,444,32.0,5.0,6.0,0.0,198,613
27,Mongolia,0,2,2,4,1980,URS,0,454,43.0,8.0,6.0,0.0,204,631
46,Mongolia,0,0,1,1,1988,KOR,0,528,28.0,5.0,6.0,0.0,241,739
52,Mongolia,0,0,2,2,1992,ESP,0,573,33.0,8.0,7.0,0.0,260,815
71,Mongolia,0,0,1,1,1996,USA,0,604,16.0,7.0,4.0,0.0,271,842
71,Mongolia,0,0,1,1,2004,GRE,0,669,20.0,7.0,4.0,0.0,301,926
33,Mongolia,2,2,0,4,2008,CHN,0,673,28.0,7.0,6.0,2.0,302,958
58,Mongolia,0,2,3,5,2012,UNK,0,670,29.0,7.0,10.0,2.0,303,960
67,Mongolia,0,1,1,2,2016,BRA,0,682,43.0,9.0,11.0,2.0,306,972
71,Mongolia,0,1,3,4,2020,UNK,0,761,43.0,10.0,11.0,0.0,340,1080
74,Mongolia,0,1,0,1,2024,FRA,0,738,32.0,9.0,7.0,0.0,328,1039
70,Montenegro,0,1,0,1,2012,UNK,0,670,33.0,7.0,1.0,0.0,303,960
32,Morocco,0,1,0,1,1960,ITA,0,340,47.0,10.0,1.0,0.0,152,461
18,Morocco,2,0,0,2,1984,USA,0,492,34.0,6.0,3.0,2.0,226,688
28,Morocco,1,0,2,3,1988,KOR,0,528,27.0,4.0,6.0,3.0,241,739
31,Morocco,1,1,1,3,1992,ESP,0,573,44.0,7.0,8.0,4.0,260,815
68,Morocco,0,0,2,2,1996,USA,0,604,34.0,7.0,8.0,2.0,271,842
58,Morocco,0,1,4,5,2000,AUS,0,667,55.0,9.0,10.0,1.0,300,927
37,Morocco,2,1,0,3,2004,GRE,0,669,55.0,9.0,10.0,2.0,301,926
68,Morocco,0,1,1,2,2008,CHN,0,673,47.0,7.0,10.0,2.0,302,958
79,Morocco,0,0,1,1,2012,UNK,0,670,63.0,12.0,6.0,2.0,303,960
78,Morocco,0,0,1,1,2016,BRA,0,682,48.0,13.0,4.0,0.0,306,972
63,Morocco,1,0,0,1,2020,UNK,0,761,46.0,18.0,3.0,1.0,340,1080
60,Morocco,1,0,1,2,2024,FRA,0,738,61.0,21.0,4.0,2.0,328,1039
71,Mozambique,0,0,1,1,1996,USA,0,604,3.0,3.0,1.0,0.0,271,842
50,Mozambique,1,0,0,1,2000,AUS,0,667,4.0,2.0,2.0,1.0,300,927
41,Namibia,0,2,0,2,1992,ESP,0,573,6.0,3.0,2.0,0.0,260,815
55,Namibia,0,2,0,2,1996,USA,0,604,8.0,4.0,4.0,0.0,271,842
77,Namibia,0,1,0,1,2020,UNK,0,761,11.0,6.0,5.0,0.0,340,1080
17,Netherlands,0,2,3,5,1900,FRA,0,236,18.0,4.0,5.0,0.0,96,284
17,Netherlands,0,0,2,2,1908,UNK,0,267,109.0,10.0,7.0,0.0,110,324
18,Netherlands,0,0,3,3,1912,SWE,0,236,33.0,7.0,10.0,0.0,102,312
9,Netherlands,4,2,5,11,1920,BEL,0,363,122.0,14.0,16.0,4.0,155,438
9,Netherlands,4,1,5,10,1924,FRA,0,292,174.0,17.0,24.0,8.0,126,378
8,Netherlands,6,9,4,19,1928,NED,1,252,255.0,17.0,40.0,14.0,110,327
14,Netherlands,2,5,1,8,1932,USA,0,268,45.0,9.0,37.0,12.0,125,370
9,Netherlands,6,4,7,17,1936,GER,0,302,157.0,14.0,44.0,14.0,141,422
11,Netherlands,5,2,9,16,1948,UNK,0,312,142.0,18.0,41.0,13.0,138,411
29,Netherlands,0,5,0,5,1952,FIN,0,338,96.0,14.0,38.0,11.0,149,459
28,Netherlands,0,1,2,3,1960,ITA,0,340,104.0,13.0,24.0,5.0,152,461
15,Netherlands,2,4,4,10,1964,JPN,0,370,119.0,12.0,18.0,2.0,163,504
17,Netherlands,3,3,1,7,1968,UNK,0,386,107.0,11.0,20.0,5.0,174,527
16,Netherlands,3,1,1,5,1972,GER,0,439,119.0,16.0,22.0,8.0,195,600
29,Netherlands,0,2,3,5,1976,CAN,0,444,108.0,11.0,17.0,6.0,198,613
30,Netherlands,0,1,2,3,1980,URS,0,454,75.0,10.0,13.0,3.0,204,631
13,Netherlands,5,2,6,13,1984,USA,0,492,135.0,15.0,21.0,5.0,226,688
22,Netherlands,2,2,5,9,1988,KOR,0,528,147.0,17.0,25.0,7.0,241,739
20,Netherlands,2,6,7,15,1992,ESP,0,573,201.0,20.0,37.0,9.0,260,815
15,Netherlands,4,5,10,19,1996,USA,0,604,237.0,19.0,43.0,8.0,271,842
8,Netherlands,12,9,4,25,2000,AUS,0,667,231.0,21.0,59.0,18.0,300,927
18,Netherlands,4,9,9,22,2004,GRE,0,669,210.0,22.0,66.0,20.0,301,926
11,Netherlands,7,5,4,16,2008,CHN,0,673,233.0,20.0,63.0,23.0,302,958
13,Netherlands,6,6,8,20,2012,UNK,0,670,169.0,19.0,58.0,17.0,303,960
11,Netherlands,8,7,4,19,2016,BRA,0,682,229.0,22.0,55.0,21.0,306,972
7,Netherlands,10,12,14,36,2020,UNK,0,761,282.0,31.0,75.0,24.0,340,1080
6,Netherlands,15,7,12,34,2024,FRA,0,738,288.0,32.0,89.0,33.0,328,1039
36,Netherlands Antilles,0,1,0,1,1988,KOR,0,528,3.0,3.0,1.0,0.0,241,739
22,New Zealand,0,0,1,1,1920,BEL,0,363,4.0,3.0,1.0,0.0,155,438
23,New Zealand,0,0,1,1,1924,FRA,0,292,4.0,3.0,2.0,0.0,126,378
24,New Zealand,1,0,0,1,1928,NED,0,252,9.0,3.0,3.0,1.0,110,327
22,New Zealand,0,1,0,1,1932,USA,0,268,21.0,4.0,3.0,1.0,125,370
20,New Zealand,1,0,0,1,1936,GER,0,302,7.0,3.0,3.0,2.0,141,422
24,New Zealand,1,0,2,3,1952,FIN,0,338,14.0,5.0,5.0,2.0,149,459
16,New Zealand,2,0,0,2,1956,AUS,0,342,46.0,8.0,6.0,4.0,153,469
14,New Zealand,2,0,1,3,1960,ITA,0,340,35.0,9.0,8.0,5.0,152,461
12,New Zealand,3,0,2,5,1964,JPN,0,370,61.0,11.0,10.0,7.0,163,504
27,New Zealand,1,0,2,3,1968,UNK,0,386,52.0,8.0,11.0,6.0,174,527
23,New Zealand,1,1,1,3,1972,GER,0,439,89.0,14.0,11.0,5.0,195,600
18,New Zealand,2,1,1,4,1976,CAN,0,444,80.0,13.0,10.0,4.0,198,613
8,New Zealand,8,1,2,11,1984,USA,0,492,130.0,18.0,18.0,11.0,226,688
18,New Zealand,3,2,8,13,1988,KOR,0,528,83.0,16.0,28.0,13.0,241,739
28,New Zealand,1,4,5,10,1992,ESP,0,573,134.0,17.0,34.0,12.0,260,815
26,New Zealand,3,2,1,6,1996,USA,0,604,95.0,15.0,29.0,7.0,271,842
46,New Zealand,1,0,3,4,2000,AUS,0,667,147.0,18.0,20.0,5.0,300,927
24,New Zealand,3,2,0,5,2004,GRE,0,669,148.0,18.0,15.0,7.0,301,926
27,New Zealand,3,2,4,9,2008,CHN,0,673,178.0,17.0,18.0,7.0,302,958
14,New Zealand,6,2,5,13,2012,UNK,0,670,178.0,16.0,27.0,12.0,303,960
19,New Zealand,4,9,5,18,2016,BRA,0,682,195.0,20.0,40.0,13.0,306,972
13,New Zealand,7,6,7,20,2020,UNK,0,761,228.0,26.0,51.0,17.0,340,1080
11,New Zealand,10,7,3,20,2024,FRA,0,738,208.0,27.0,58.0,21.0,328,1039
43,Niger,0,0,1,1,1972,GER,0,439,4.0,1.0,1.0,0.0,195,600
69,Niger,0,1,0,1,2016,BRA,0,682,6.0,4.0,2.0,0.0,306,972
35,Nigeria,0,0,1,1,1964,JPN,0,370,18.0,2.0,1.0,0.0,163,504
43,Nigeria,0,0,1,1,1972,GER,0,439,25.0,2.0,2.0,0.0,195,600
30,Nigeria,0,1,1,2,1984,USA,0,492,32.0,4.0,4.0,0.0,226,688
38,Nigeria,0,3,1,4,1992,ESP,0,573,54.0,8.0,7.0,0.0,260,815
32,Nigeria,2,1,3,6,1996,USA,0,604,65.0,9.0,12.0,2.0,271,842
41,Nigeria,1,2,0,3,2000,AUS,0,667,81.0,8.0,13.0,3.0,300,927
68,Nigeria,0,0,2,2,2004,GRE,0,669,66.0,10.0,11.0,3.0,301,926
57,Nigeria,0,3,2,5,2008,CHN,0,673,74.0,10.0,10.0,1.0,302,958
78,Nigeria,0,0,1,1,2016,BRA,0,682,71.0,10.0,8.0,0.0,306,972
74,Nigeria,0,1,1,2,2020,UNK,0,761,53.0,10.0,8.0,0.0,340,1080
22,North Korea,1,1,3,5,1972,GER,0,439,37.0,10.0,5.0,1.0,195,600
21,North Korea,1,1,0,2,1976,CAN,0,444,38.0,8.0,7.0,2.0,198,613
26,North Korea,0,3,2,5,1980,URS,0,454,47.0,8.0,12.0,2.0,204,631
16,North Korea,4,0,5,9,1992,ESP,0,573,62.0,12.0,16.0,5.0,260,815
33,North Korea,2,1,2,5,1996,USA,0,604,23.0,9.0,19.0,6.0,271,842
60,North Korea,0,1,3,4,2000,AUS,0,667,31.0,10.0,18.0,6.0,300,927
57,North Korea,0,4,1,5,2004,GRE,0,669,36.0,9.0,14.0,2.0,301,926
31,North Korea,2,2,2,6,2008,CHN,0,673,58.0,12.0,15.0,2.0,302,958
21,North Korea,4,0,2,6,2012,UNK,0,670,51.0,11.0,17.0,6.0,303,960
34,North Korea,2,3,2,7,2016,BRA,0,682,30.0,9.0,19.0,8.0,306,972
68,North Korea,0,2,4,6,2024,FRA,0,738,0.0,0.0,19.0,6.0,328,1039
77,North Macedonia,0,1,0,1,2020,UNK,0,761,8.0,7.0,1.0,0.0,340,1080
17,Norway,0,2,3,5,1900,FRA,0,236,7.0,2.0,5.0,0.0,96,284
7,Norway,2,0,0,2,1904,USA,0,224,3.0,2.0,7.0,2.0,97,280
8,Norway,2,3,3,8,1908,UNK,0,267,55.0,5.0,15.0,4.0,110,324
8,Norway,3,2,5,10,1912,SWE,0,236,147.0,12.0,20.0,7.0,102,312
6,Norway,13,9,9,31,1920,BEL,0,363,134.0,15.0,49.0,18.0,155,438
7,Norway,5,2,3,10,1924,FRA,0,292,54.0,10.0,51.0,21.0,126,378
19,Norway,1,2,1,4,1928,NED,0,252,44.0,9.0,45.0,19.0,110,327
18,Norway,1,3,2,6,1936,GER,0,302,56.0,11.0,20.0,7.0,141,422
19,Norway,1,3,3,7,1948,UNK,0,312,71.0,12.0,17.0,3.0,138,411
10,Norway,3,2,0,5,1952,FIN,0,338,91.0,14.0,18.0,5.0,149,459
22,Norway,1,0,2,3,1956,AUS,0,342,16.0,5.0,15.0,5.0,153,469
21,Norway,1,0,0,1,1960,ITA,0,340,32.0,11.0,9.0,5.0,152,461
25,Norway,1,1,0,2,1968,UNK,0,386,46.0,11.0,6.0,3.0,174,527
21,Norway,2,1,1,4,1972,GER,0,439,112.0,15.0,7.0,4.0,195,600
21,Norway,1,1,0,2,1976,CAN,0,444,66.0,11.0,8.0,4.0,198,613
28,Norway,0,1,2,3,1984,USA,0,492,103.0,17.0,9.0,3.0,226,688
21,Norway,2,3,0,5,1988,KOR,0,528,69.0,11.0,10.0,3.0,241,739
22,Norway,2,4,1,7,1992,ESP,0,573,83.0,17.0,15.0,4.0,260,815
30,Norway,2,2,3,7,1996,USA,0,604,97.0,16.0,19.0,6.0,271,842
19,Norway,4,3,3,10,2000,AUS,0,667,89.0,14.0,24.0,8.0,300,927
17,Norway,5,0,1,6,2004,GRE,0,669,44.0,11.0,23.0,11.0,301,926
22,Norway,3,5,1,9,2008,CHN,0,673,80.0,15.0,25.0,12.0,302,958
34,Norway,2,1,1,4,2012,UNK,0,670,61.0,15.0,19.0,10.0,303,960
74,Norway,0,0,4,4,2016,BRA,0,682,62.0,13.0,17.0,5.0,306,972
20,Norway,4,2,2,8,2020,UNK,0,761,93.0,18.0,16.0,6.0,340,1080
18,Norway,4,1,3,8,2024,FRA,0,738,109.0,21.0,20.0,8.0,328,1039
31,Pakistan,0,1,0,1,1956,AUS,0,342,53.0,8.0,1.0,0.0,153,469
20,Pakistan,1,0,1,2,1960,ITA,0,340,43.0,7.0,3.0,1.0,152,461
30,Pakistan,0,1,0,1,1964,JPN,0,370,41.0,7.0,4.0,1.0,163,504
29,Pakistan,1,0,0,1,1968,UNK,0,386,15.0,2.0,4.0,2.0,174,527
33,Pakistan,0,1,0,1,1972,GER,0,439,24.0,5.0,3.0,1.0,195,600
37,Pakistan,0,0,1,1,1976,CAN,0,444,24.0,5.0,3.0,1.0,198,613
25,Pakistan,1,0,0,1,1984,USA,0,492,31.0,5.0,3.0,1.0,226,688
46,Pakistan,0,0,1,1,1988,KOR,0,528,30.0,6.0,3.0,1.0,241,739
54,Pakistan,0,0,1,1,1992,ESP,0,573,27.0,5.0,3.0,1.0,260,815
62,Pakistan,1,0,0,1,2024,FRA,0,738,7.0,3.0,3.0,1.0,328,1039
32,Panama,0,0,2,2,1948,UNK,0,312,1.0,1.0,2.0,0.0,138,411
53,Panama,1,0,0,1,2008,CHN,0,673,5.0,3.0,3.0,1.0,302,958
74,Panama,0,1,0,1,2024,FRA,0,738,8.0,6.0,4.0,1.0,328,1039
65,Paraguay,0,1,0,1,2004,GRE,0,669,21.0,4.0,1.0,0.0,301,926
22,Peru,1,0,0,1,1948,UNK,0,312,41.0,7.0,1.0,1.0,138,411
33,Peru,0,1,0,1,1984,USA,0,492,35.0,10.0,2.0,1.0,226,688
36,Peru,0,1,0,1,1988,KOR,0,528,21.0,7.0,3.0,1.0,241,739
49,Peru,0,1,0,1,1992,ESP,0,573,16.0,9.0,3.0,0.0,260,815
84,Peru,0,0,1,1,2024,FRA,0,738,26.0,10.0,3.0,0.0,328,1039
32,Philippines,0,0,1,1,1928,NED,0,252,4.0,2.0,1.0,0.0,110,327
25,Philippines,0,0,3,3,1932,USA,0,268,8.0,3.0,4.0,0.0,125,370
30,Philippines,0,0,1,1,1936,GER,0,302,28.0,6.0,5.0,0.0,141,422
30,Philippines,0,1,0,1,1964,JPN,0,370,44.0,9.0,5.0,0.0,163,504
46,Philippines,0,0,1,1,1988,KOR,0,528,31.0,11.0,3.0,0.0,241,739
54,Philippines,0,0,1,1,1992,ESP,0,573,26.0,9.0,3.0,0.0,260,815
61,Philippines,0,1,0,1,1996,USA,0,604,12.0,6.0,3.0,0.0,271,842
69,Philippines,0,1,0,1,2016,BRA,0,682,13.0,8.0,3.0,0.0,306,972
50,Philippines,1,2,1,4,2020,UNK,0,761,19.0,11.0,6.0,1.0,340,1080
37,Philippines,2,0,2,4,2024,FRA,0,738,22.0,9.0,9.0,3.0,328,1039
22,Poland,0,1,1,2,1924,FRA,0,292,65.0,10.0,2.0,0.0,126,378
21,Poland,1,1,3,5,1928,NED,0,252,93.0,11.0,7.0,1.0,110,327
10,Poland,3,2,4,9,1932,USA,0,268,51.0,4.0,16.0,4.0,125,370
22,Poland,0,4,5,9,1936,GER,0,302,139.0,15.0,23.0,4.0,141,422
34,Poland,0,0,1,1,1948,UNK,0,312,38.0,5.0,19.0,3.0,138,411
20,Poland,1,2,1,4,1952,FIN,0,338,125.0,11.0,14.0,1.0,149,459
17,Poland,1,4,4,9,1956,AUS,0,342,64.0,9.0,14.0,2.0,153,469
9,Poland,4,6,11,21,1960,ITA,0,340,185.0,17.0,34.0,6.0,152,461
7,Poland,7,6,10,23,1964,JPN,0,370,139.0,12.0,53.0,12.0,163,504
11,Poland,5,2,11,18,1968,UNK,0,386,177.0,16.0,62.0,16.0,174,527
7,Poland,7,5,9,21,1972,GER,0,439,284.0,22.0,62.0,19.0,195,600
6,Poland,7,6,13,26,1976,CAN,0,444,207.0,18.0,65.0,19.0,198,613
10,Poland,3,14,15,32,1980,URS,0,454,305.0,21.0,79.0,17.0,204,631
20,Poland,2,5,9,16,1988,KOR,0,528,143.0,19.0,74.0,12.0,241,739
19,Poland,3,6,10,19,1992,ESP,0,573,199.0,21.0,67.0,8.0,260,815
11,Poland,7,5,5,17,1996,USA,0,604,161.0,20.0,52.0,12.0,271,842
14,Poland,6,5,3,14,2000,AUS,0,667,183.0,20.0,50.0,16.0,300,927
23,Poland,3,2,5,10,2004,GRE,0,669,194.0,21.0,41.0,16.0,301,926
16,Poland,4,5,2,11,2008,CHN,0,673,255.0,23.0,35.0,13.0,302,958
23,Poland,3,2,6,11,2012,UNK,0,670,208.0,24.0,32.0,10.0,303,960
33,Poland,2,3,6,11,2016,BRA,0,682,230.0,24.0,33.0,9.0,306,972
17,Poland,4,5,5,14,2020,UNK,0,761,218.0,28.0,36.0,9.0,340,1080
42,Poland,1,4,5,10,2024,FRA,0,738,226.0,28.0,35.0,7.0,328,1039
23,Portugal,0,0,1,1,1924,FRA,0,292,28.0,8.0,1.0,0.0,126,378
32,Portugal,0,0,1,1,1928,NED,0,252,27.0,7.0,2.0,0.0,110,327
30,Portugal,0,0,1,1,1936,GER,0,302,16.0,4.0,3.0,0.0,141,422
26,Portugal,0,1,1,2,1948,UNK,0,312,40.0,8.0,4.0,0.0,138,411
40,Portugal,0,0,1,1,1952,FIN,0,338,63.0,10.0,4.0,0.0,149,459
32,Portugal,0,1,0,1,1960,ITA,0,340,55.0,11.0,4.0,0.0,152,461
30,Portugal,0,2,0,2,1976,CAN,0,444,19.0,6.0,4.0,0.0,198,613
23,Portugal,1,0,2,3,1984,USA,0,492,38.0,11.0,6.0,1.0,226,688
29,Portugal,1,0,0,1,1988,KOR,0,528,65.0,14.0,6.0,2.0,241,739
47,Portugal,1,0,1,2,1996,USA,0,604,106.0,18.0,6.0,3.0,271,842
69,Portugal,0,0,2,2,2000,AUS,0,667,61.0,13.0,5.0,2.0,300,927
60,Portugal,0,2,1,3,2004,GRE,0,669,80.0,16.0,7.0,1.0,301,926
47,Portugal,1,1,0,2,2008,CHN,0,673,77.0,16.0,7.0,1.0,302,958
70,Portugal,0,1,0,1,2012,UNK,0,670,76.0,14.0,6.0,1.0,303,960
78,Portugal,0,0,1,1,2016,BRA,0,682,90.0,17.0,4.0,1.0,306,972
56,Portugal,1,1,2,4,2020,UNK,0,761,93.0,22.0,6.0,1.0,340,1080
50,Portugal,1,2,1,4,2024,FRA,0,738,75.0,19.0,9.0,2.0,328,1039
34,Puerto Rico,0,0,1,1,1948,UNK,0,312,9.0,3.0,1.0,0.0,138,411
37,Puerto Rico,0,0,1,1,1976,CAN,0,444,80.0,12.0,2.0,0.0,198,613
30,Puerto Rico,0,1,1,2,1984,USA,0,492,51.0,13.0,4.0,0.0,226,688
54,Puerto Rico,0,0,1,1,1992,ESP,0,573,69.0,12.0,4.0,0.0,260,815
71,Puerto Rico,0,0,1,1,1996,USA,0,604,69.0,16.0,4.0,0.0,271,842
65,Puerto Rico,0,1,1,2,2012,UNK,0,670,25.0,8.0,4.0,0.0,303,960
54,Puerto Rico,1,0,0,1,2016,BRA,0,682,40.0,15.0,4.0,1.0,306,972
63,Puerto Rico,1,0,0,1,2020,UNK,0,761,37.0,15.0,4.0,2.0,340,1080
80,Puerto Rico,0,0,2,2,2024,FRA,0,738,51.0,13.0,4.0,2.0,328,1039
54,Qatar,0,0,1,1,1992,ESP,0,573,28.0,2.0,1.0,0.0,260,815
71,Qatar,0,0,1,1,2000,AUS,0,667,17.0,5.0,2.0,0.0,300,927
65,Qatar,0,1,1,2,2012,UNK,0,670,12.0,4.0,4.0,0.0,303,960
69,Qatar,0,1,0,1,2016,BRA,0,682,37.0,10.0,4.0,0.0,306,972
41,Qatar,2,0,1,3,2020,UNK,0,761,16.0,7.0,6.0,2.0,340,1080
84,Qatar,0,0,1,1,2024,FRA,0,738,13.0,5.0,5.0,2.0,328,1039
5,ROC,20,28,23,71,2020,UNK,0,761,0.0,0.0,71.0,20.0,340,1080
84,Refugee Olympic Team,0,0,1,1,2024,FRA,0,738,0.0,0.0,1.0,0.0,328,1039
23,Romania,0,0,1,1,1924,FRA,0,292,35.0,4.0,1.0,0.0,126,378
25,Romania,0,1,0,1,1936,GER,0,302,54.0,9.0,2.0,0.0,141,422
23,Romania,1,1,2,4,1952,FIN,0,338,114.0,15.0,6.0,1.0,149,459
9,Romania,5,3,5,13,1956,AUS,0,342,50.0,11.0,18.0,6.0,153,469
11,Romania,3,1,6,10,1960,ITA,0,340,98.0,13.0,27.0,9.0,152,461
14,Romania,2,4,6,12,1964,JPN,0,370,138.0,13.0,35.0,10.0,163,504
12,Romania,4,6,5,15,1968,UNK,0,386,82.0,9.0,37.0,9.0,174,527
13,Romania,3,6,7,16,1972,GER,0,439,159.0,16.0,43.0,9.0,195,600
9,Romania,4,9,14,27,1976,CAN,0,444,157.0,11.0,58.0,11.0,198,613
7,Romania,6,6,13,25,1980,URS,0,454,226.0,20.0,68.0,13.0,204,631
2,Romania,20,16,17,53,1984,USA,0,492,124.0,13.0,105.0,30.0,226,688
8,Romania,7,11,6,24,1988,KOR,0,528,68.0,10.0,102.0,33.0,241,739
14,Romania,4,6,8,18,1992,ESP,0,573,171.0,18.0,95.0,31.0,260,815
14,Romania,4,7,9,20,1996,USA,0,604,165.0,18.0,62.0,15.0,271,842
11,Romania,11,6,9,26,2000,AUS,0,667,145.0,16.0,64.0,19.0,300,927
14,Romania,8,5,6,19,2004,GRE,0,669,108.0,16.0,65.0,23.0,301,926
18,Romania,4,1,4,9,2008,CHN,0,673,101.0,16.0,54.0,23.0,302,958
31,Romania,2,4,1,7,2012,UNK,0,670,105.0,15.0,35.0,14.0,303,960
47,Romania,1,1,2,4,2016,BRA,0,682,94.0,15.0,20.0,7.0,306,972
46,Romania,1,3,0,4,2020,UNK,0,761,104.0,18.0,15.0,4.0,340,1080
23,Romania,3,4,2,9,2024,FRA,0,738,96.0,18.0,17.0,5.0,328,1039
2,Russia,26,21,16,63,1996,USA,0,604,389.0,25.0,63.0,26.0,271,842
2,Russia,32,28,29,89,2000,AUS,0,667,434.0,30.0,152.0,58.0,300,927
3,Russia,28,26,36,90,2004,GRE,0,669,442.0,29.0,242.0,86.0,301,926
3,Russia,24,13,23,60,2008,CHN,0,673,451.0,29.0,239.0,84.0,302,958
4,Russia,18,21,26,65,2012,UNK,0,670,422.0,30.0,215.0,70.0,303,960
4,Russia,19,17,20,56,2016,BRA,0,682,279.0,29.0,181.0,61.0,306,972
12,Russian Empire,1,2,0,3,1908,UNK,0,267,0.0,0.0,3.0,1.0,110,324
16,Russian Empire,0,2,3,5,1912,SWE,0,236,0.0,0.0,8.0,1.0,102,312
55,Saint Lucia,1,1,0,2,2024,FRA,0,738,4.0,3.0,2.0,1.0,328,1039
72,Samoa,0,1,0,1,2008,CHN,0,673,6.0,5.0,1.0,0.0,302,958
72,San Marino,0,1,2,3,2020,UNK,0,761,5.0,4.0,3.0,0.0,340,1080
61,Saudi Arabia,0,1,1,2,2000,AUS,0,667,18.0,5.0,2.0,0.0,300,927
79,Saudi Arabia,0,0,1,1,2012,UNK,0,670,18.0,5.0,3.0,0.0,303,960
77,Saudi Arabia,0,1,0,1,2020,UNK,0,761,33.0,9.0,4.0,0.0,340,1080
36,Senegal,0,1,0,1,1988,KOR,0,528,23.0,4.0,1.0,0.0,241,739
64,Serbia,0,1,2,3,2008,CHN,0,673,87.0,11.0,3.0,0.0,302,958
42,Serbia,1,1,2,4,2012,UNK,0,670,116.0,15.0,7.0,1.0,303,960
32,Serbia,2,4,2,8,2016,BRA,0,682,103.0,14.0,15.0,3.0,306,972
28,Serbia,3,1,5,9,2020,UNK,0,761,87.0,16.0,21.0,6.0,340,1080
27,Serbia,3,1,1,5,2024,FRA,0,738,114.0,16.0,22.0,8.0,328,1039
61,Serbia and Montenegro,0,2,0,2,2004,GRE,0,669,85.0,14.0,2.0,0.0,301,926
32,Singapore,0,1,0,1,1960,ITA,0,340,2.0,2.0,1.0,0.0,152,461
72,Singapore,0,1,0,1,2008,CHN,0,673,25.0,6.0,2.0,0.0,302,958
77,Singapore,0,0,2,2,2012,UNK,0,670,23.0,9.0,4.0,0.0,303,960
54,Singapore,1,0,0,1,2016,BRA,0,682,24.0,7.0,4.0,1.0,306,972
84,Singapore,0,0,1,1,2024,FRA,0,738,23.0,11.0,4.0,1.0,328,1039
43,Slovakia,1,1,1,3,1996,USA,0,604,67.0,14.0,3.0,1.0,271,842
39,Slovakia,1,3,1,5,2000,AUS,0,667,108.0,16.0,8.0,2.0,300,927
29,Slovakia,2,2,2,6,2004,GRE,0,669,63.0,14.0,14.0,4.0,301,926
26,Slovakia,3,3,0,6,2008,CHN,0,673,57.0,14.0,17.0,6.0,302,958
63,Slovakia,0,1,3,4,2012,UNK,0,670,47.0,11.0,16.0,5.0,303,960
37,Slovakia,2,2,0,4,2016,BRA,0,682,51.0,12.0,14.0,5.0,306,972
50,Slovakia,1,2,1,4,2020,UNK,0,761,41.0,14.0,12.0,3.0,340,1080
84,Slovakia,0,0,1,1,2024,FRA,0,738,28.0,13.0,9.0,3.0,328,1039
52,Slovenia,0,0,2,2,1992,ESP,0,573,35.0,12.0,2.0,0.0,260,815
55,Slovenia,0,2,0,2,1996,USA,0,604,37.0,8.0,4.0,0.0,271,842
36,Slovenia,2,0,0,2,2000,AUS,0,667,74.0,13.0,6.0,2.0,300,927
63,Slovenia,0,1,3,4,2004,GRE,0,669,78.0,10.0,8.0,2.0,301,926
39,Slovenia,1,2,2,5,2008,CHN,0,673,61.0,11.0,11.0,3.0,302,958
42,Slovenia,1,1,2,4,2012,UNK,0,670,65.0,15.0,13.0,2.0,303,960
45,Slovenia,1,2,1,4,2016,BRA,0,682,63.0,12.0,13.0,3.0,306,972
31,Slovenia,3,1,1,5,2020,UNK,0,761,53.0,17.0,13.0,5.0,340,1080
34,Slovenia,2,1,0,3,2024,FRA,0,738,94.0,17.0,12.0,6.0,328,1039
14,South Africa,1,1,0,2,1908,UNK,0,267,14.0,4.0,2.0,1.0,110,324
7,South Africa,4,2,0,6,1912,SWE,0,236,21.0,6.0,8.0,5.0,102,312
11,South Africa,3,4,3,10,1920,BEL,0,363,38.0,7.0,18.0,8.0,155,438
18,South Africa,1,1,1,3,1924,FRA,0,292,30.0,7.0,19.0,8.0,126,378
23,South Africa,1,0,2,3,1928,NED,0,252,24.0,7.0,16.0,5.0,110,327
15,South Africa,2,0,3,5,1932,USA,0,268,11.0,4.0,11.0,4.0,125,370
25,South Africa,0,1,0,1,1936,GER,0,302,32.0,6.0,9.0,3.0,141,422
18,South Africa,2,1,1,4,1948,UNK,0,312,35.0,10.0,10.0,4.0,138,411
12,South Africa,2,4,4,10,1952,FIN,0,338,61.0,13.0,15.0,4.0,149,459
33,South Africa,0,0,4,4,1956,AUS,0,342,45.0,10.0,18.0,4.0,153,469
28,South Africa,0,1,2,3,1960,ITA,0,340,53.0,12.0,17.0,2.0,152,461
41,South Africa,0,2,0,2,1992,ESP,0,573,93.0,19.0,9.0,0.0,260,815
27,South Africa,3,1,1,5,1996,USA,0,604,84.0,14.0,10.0,3.0,271,842
55,South Africa,0,2,3,5,2000,AUS,0,667,127.0,17.0,12.0,3.0,300,927
43,South Africa,1,3,2,6,2004,GRE,0,669,106.0,20.0,16.0,4.0,301,926
72,South Africa,0,1,0,1,2008,CHN,0,673,134.0,20.0,12.0,1.0,302,958
20,South Africa,4,1,1,6,2012,UNK,0,670,124.0,17.0,13.0,5.0,303,960
29,South Africa,2,6,2,10,2016,BRA,0,682,135.0,15.0,17.0,6.0,306,972
52,South Africa,1,2,0,3,2020,UNK,0,761,181.0,23.0,19.0,7.0,340,1080
44,South Africa,1,3,2,6,2024,FRA,0,738,141.0,24.0,19.0,4.0,328,1039
32,South Korea,0,0,2,2,1948,UNK,0,312,46.0,7.0,2.0,0.0,138,411
37,South Korea,0,0,2,2,1952,FIN,0,338,19.0,6.0,4.0,0.0,149,459
29,South Korea,0,1,1,2,1956,AUS,0,342,35.0,7.0,6.0,0.0,153,469
27,South Korea,0,2,1,3,1964,JPN,0,370,153.0,17.0,7.0,0.0,163,504
36,South Korea,0,1,1,2,1968,UNK,0,386,54.0,11.0,7.0,0.0,174,527
33,South Korea,0,1,0,1,1972,GER,0,439,42.0,8.0,6.0,0.0,195,600
19,South Korea,1,1,4,6,1976,CAN,0,444,50.0,5.0,9.0,1.0,198,613
10,South Korea,6,6,7,19,1984,USA,0,492,174.0,19.0,26.0,7.0,226,688
4,South Korea,12,10,11,33,1988,KOR,1,528,398.0,27.0,58.0,19.0,241,739
7,South Korea,12,5,12,29,1992,ESP,0,573,215.0,24.0,81.0,30.0,260,815
10,South Korea,7,15,5,27,1996,USA,0,604,288.0,25.0,89.0,31.0,271,842
12,South Korea,8,10,10,28,2000,AUS,0,667,271.0,26.0,84.0,27.0,300,927
9,South Korea,9,12,9,30,2004,GRE,0,669,249.0,25.0,85.0,24.0,301,926
7,South Korea,13,11,8,32,2008,CHN,0,673,253.0,27.0,90.0,30.0,302,958
5,South Korea,13,9,9,31,2012,UNK,0,670,243.0,25.0,93.0,35.0,303,960
8,South Korea,9,3,9,21,2016,BRA,0,682,199.0,26.0,84.0,35.0,306,972
16,South Korea,6,4,10,20,2020,UNK,0,761,237.0,31.0,72.0,28.0,340,1080
8,South Korea,13,9,10,32,2024,FRA,0,738,0.0,0.0,73.0,28.0,328,1039
2,Soviet Union,22,30,19,71,1952,FIN,0,338,287.0,18.0,71.0,22.0,149,459
1,Soviet Union,37,29,32,98,1956,AUS,0,342,271.0,18.0,169.0,59.0,153,469
1,Soviet Union,43,29,31,103,1960,ITA,0,340,273.0,17.0,272.0,102.0,152,461
2,Soviet Union,30,31,35,96,1964,JPN,0,370,306.0,19.0,297.0,110.0,163,504
2,Soviet Union,29,32,30,91,1968,UNK,0,386,311.0,18.0,290.0,102.0,174,527
1,Soviet Union,50,27,22,99,1972,GER,0,439,371.0,22.0,286.0,109.0,195,600
1,Soviet Union,49,41,35,125,1976,CAN,0,444,408.0,22.0,315.0,128.0,198,613
1,Soviet Union,80,69,46,195,1980,URS,1,454,489.0,23.0,419.0,179.0,204,631
1,Soviet Union,55,31,46,132,1988,KOR,0,528,479.0,27.0,452.0,184.0,241,739
14,Spain,1,0,0,1,1900,FRA,0,236,4.0,3.0,1.0,1.0,96,284
17,Spain,0,2,0,2,1920,BEL,0,363,58.0,7.0,3.0,1.0,155,438
24,Spain,1,0,0,1,1928,NED,0,252,75.0,10.0,4.0,2.0,110,327
26,Spain,0,0,1,1,1932,USA,0,268,7.0,3.0,4.0,1.0,125,370
28,Spain,0,1,0,1,1948,UNK,0,312,62.0,11.0,3.0,1.0,138,411
34,Spain,0,1,0,1,1952,FIN,0,338,27.0,7.0,3.0,0.0,149,459
41,Spain,0,0,1,1,1960,ITA,0,340,133.0,16.0,3.0,0.0,152,461
43,Spain,0,0,1,1,1972,GER,0,439,122.0,17.0,3.0,0.0,195,600
30,Spain,0,2,0,2,1976,CAN,0,444,113.0,14.0,4.0,0.0,198,613
20,Spain,1,3,2,6,1980,URS,0,454,155.0,18.0,9.0,1.0,204,631
20,Spain,1,2,2,5,1984,USA,0,492,179.0,23.0,13.0,2.0,226,688
25,Spain,1,1,2,4,1988,KOR,0,528,226.0,24.0,15.0,3.0,241,739
6,Spain,13,7,2,22,1992,ESP,1,573,412.0,29.0,31.0,15.0,260,815
13,Spain,5,6,6,17,1996,USA,0,604,280.0,21.0,43.0,19.0,271,842
25,Spain,3,3,5,11,2000,AUS,0,667,316.0,27.0,50.0,21.0,300,927
20,Spain,3,11,6,20,2004,GRE,0,669,310.0,27.0,48.0,11.0,301,926
14,Spain,5,11,3,19,2008,CHN,0,673,281.0,29.0,50.0,11.0,302,958
17,Spain,4,10,6,20,2012,UNK,0,670,274.0,27.0,59.0,12.0,303,960
14,Spain,7,4,6,17,2016,BRA,0,682,303.0,28.0,56.0,16.0,306,972
22,Spain,3,8,6,17,2020,UNK,0,761,334.0,36.0,54.0,14.0,340,1080
15,Spain,5,4,9,18,2024,FRA,0,738,400.0,39.0,52.0,15.0,328,1039
64,Sri Lanka,0,1,0,1,2000,AUS,0,667,18.0,4.0,1.0,0.0,300,927
72,Sudan,0,1,0,1,2008,CHN,0,673,9.0,2.0,1.0,0.0,302,958
29,Suriname,1,0,0,1,1988,KOR,0,528,6.0,4.0,1.0,1.0,241,739
54,Suriname,0,0,1,1,1992,ESP,0,573,6.0,3.0,2.0,1.0,260,815
21,Sweden,0,0,1,1,1900,FRA,0,236,10.0,3.0,1.0,0.0,96,284
3,Sweden,8,6,11,25,1908,UNK,0,267,151.0,13.0,26.0,8.0,110,324
2,Sweden,23,25,17,65,1912,SWE,1,236,365.0,14.0,91.0,31.0,102,312
2,Sweden,19,20,25,64,1920,BEL,0,363,245.0,17.0,154.0,50.0,155,438
8,Sweden,4,13,12,29,1924,FRA,0,292,154.0,15.0,158.0,46.0,126,378
4,Sweden,7,6,12,25,1928,NED,0,252,90.0,11.0,118.0,30.0,110,327
4,Sweden,10,5,9,24,1932,USA,0,268,75.0,12.0,78.0,21.0,125,370
7,Sweden,6,5,10,21,1936,GER,0,302,156.0,17.0,70.0,23.0,141,422
2,Sweden,16,11,17,44,1948,UNK,0,312,168.0,18.0,89.0,32.0,138,411
4,Sweden,12,13,10,35,1952,FIN,0,338,192.0,17.0,100.0,34.0,149,459
6,Sweden,8,5,6,19,1956,AUS,0,342,91.0,15.0,98.0,36.0,153,469
16,Sweden,1,2,3,6,1960,ITA,0,340,123.0,15.0,60.0,21.0,152,461
17,Sweden,2,2,4,8,1964,JPN,0,370,84.0,13.0,33.0,11.0,163,504
20,Sweden,2,1,1,4,1968,UNK,0,386,100.0,13.0,18.0,5.0,174,527
11,Sweden,4,6,6,16,1972,GER,0,439,131.0,18.0,28.0,8.0,195,600
12,Sweden,4,1,0,5,1976,CAN,0,444,116.0,16.0,25.0,10.0,198,613
11,Sweden,3,3,6,12,1980,URS,0,454,144.0,18.0,33.0,11.0,204,631
16,Sweden,2,11,6,19,1984,USA,0,492,172.0,19.0,36.0,9.0,226,688
32,Sweden,0,4,7,11,1988,KOR,0,528,181.0,23.0,42.0,5.0,241,739
27,Sweden,1,7,4,12,1992,ESP,0,573,182.0,22.0,42.0,3.0,260,815
29,Sweden,2,4,2,8,1996,USA,0,604,174.0,22.0,31.0,3.0,271,842
18,Sweden,4,5,3,12,2000,AUS,0,667,149.0,22.0,32.0,7.0,300,927
19,Sweden,4,2,1,7,2004,GRE,0,669,114.0,20.0,27.0,10.0,301,926
56,Sweden,0,4,1,5,2008,CHN,0,673,122.0,20.0,24.0,8.0,302,958
37,Sweden,1,4,3,8,2012,UNK,0,670,133.0,21.0,20.0,5.0,303,960
28,Sweden,2,6,3,11,2016,BRA,0,682,150.0,22.0,24.0,3.0,306,972
23,Sweden,3,6,0,9,2020,UNK,0,761,136.0,23.0,28.0,6.0,340,1080
16,Sweden,4,4,3,11,2024,FRA,0,738,125.0,21.0,31.0,9.0,328,1039
10,Switzerland,1,2,0,3,1896,GRE,0,107,3.0,2.0,3.0,1.0,43,122
6,Switzerland,6,2,1,9,1900,FRA,0,236,15.0,3.0,12.0,7.0,96,284
10,Switzerland,1,0,2,3,1904,USA,0,224,3.0,2.0,15.0,8.0,97,280
13,Switzerland,2,2,7,11,1920,BEL,0,363,77.0,13.0,23.0,9.0,155,438
6,Switzerland,7,8,10,25,1924,FRA,0,292,141.0,17.0,39.0,10.0,126,378
6,Switzerland,7,4,4,15,1928,NED,0,252,133.0,15.0,51.0,16.0,110,327
22,Switzerland,0,1,0,1,1932,USA,0,268,7.0,4.0,41.0,14.0,125,370
11,Switzerland,4,9,5,18,1936,GER,0,302,184.0,20.0,34.0,11.0,141,422
9,Switzerland,5,10,5,20,1948,UNK,0,312,178.0,19.0,39.0,9.0,138,411
11,Switzerland,2,6,6,14,1952,FIN,0,338,147.0,17.0,52.0,11.0,149,459
35,Switzerland,0,0,1,1,1956,AUS,0,342,9.0,1.0,35.0,7.0,153,469
24,Switzerland,0,3,3,6,1960,ITA,0,340,139.0,16.0,21.0,2.0,152,461
22,Switzerland,1,2,1,4,1964,JPN,0,370,59.0,12.0,11.0,1.0,163,504
33,Switzerland,0,1,4,5,1968,UNK,0,386,85.0,12.0,15.0,1.0,174,527
26,Switzerland,0,3,0,3,1972,GER,0,439,151.0,17.0,12.0,1.0,195,600
20,Switzerland,1,1,2,4,1976,CAN,0,444,50.0,12.0,12.0,1.0,198,613
19,Switzerland,2,0,0,2,1980,URS,0,454,73.0,10.0,9.0,3.0,204,631
26,Switzerland,0,4,4,8,1984,USA,0,492,129.0,18.0,14.0,3.0,226,688
33,Switzerland,0,2,2,4,1988,KOR,0,528,99.0,17.0,14.0,2.0,241,739
37,Switzerland,1,0,0,1,1992,ESP,0,573,102.0,17.0,13.0,1.0,260,815
18,Switzerland,4,3,0,7,1996,USA,0,604,115.0,17.0,12.0,5.0,271,842
37,Switzerland,1,6,2,9,2000,AUS,0,667,102.0,19.0,17.0,6.0,300,927
46,Switzerland,1,1,3,5,2004,GRE,0,669,94.0,19.0,21.0,6.0,301,926
34,Switzerland,2,1,4,7,2008,CHN,0,673,79.0,20.0,21.0,4.0,302,958
33,Switzerland,2,2,0,4,2012,UNK,0,670,94.0,19.0,16.0,5.0,303,960
23,Switzerland,3,2,2,7,2016,BRA,0,682,98.0,16.0,18.0,7.0,306,972
24,Switzerland,3,4,6,13,2020,UNK,0,761,116.0,25.0,24.0,8.0,340,1080
48,Switzerland,1,2,5,8,2024,FRA,0,738,137.0,22.0,28.0,7.0,328,1039
33,Syria,0,1,0,1,1984,USA,0,492,9.0,5.0,1.0,0.0,226,688
49,Syria,1,0,0,1,1996,USA,0,604,7.0,5.0,2.0,1.0,271,842
71,Syria,0,0,1,1,2004,GRE,0,669,6.0,5.0,3.0,1.0,301,926
86,Syria,0,0,1,1,2020,UNK,0,761,6.0,6.0,3.0,1.0,340,1080
42,Taiwan,0,0,1,1,1968,UNK,0,386,0.0,0.0,1.0,0.0,174,527
68,Tajikistan,0,1,1,2,2008,CHN,0,673,15.0,8.0,2.0,0.0,302,958
79,Tajikistan,0,0,1,1,2012,UNK,0,670,16.0,7.0,3.0,0.0,303,960
54,Tajikistan,1,0,0,1,2016,BRA,0,682,7.0,4.0,4.0,1.0,306,972
79,Tajikistan,0,0,3,3,2024,FRA,0,738,14.0,6.0,5.0,1.0,328,1039
28,Tanzania,0,2,0,2,1980,URS,0,454,41.0,3.0,2.0,0.0,204,631
37,Thailand,0,0,1,1,1976,CAN,0,444,42.0,11.0,1.0,0.0,198,613
33,Thailand,0,1,0,1,1984,USA,0,492,35.0,5.0,2.0,0.0,226,688
46,Thailand,0,0,1,1,1988,KOR,0,528,14.0,4.0,3.0,0.0,241,739
54,Thailand,0,0,1,1,1992,ESP,0,573,46.0,9.0,3.0,0.0,260,815
47,Thailand,1,0,1,2,1996,USA,0,604,33.0,10.0,4.0,1.0,271,842
47,Thailand,1,0,2,3,2000,AUS,0,667,52.0,11.0,6.0,2.0,300,927
25,Thailand,3,1,4,8,2004,GRE,0,669,39.0,13.0,13.0,5.0,301,926
31,Thailand,2,2,2,6,2008,CHN,0,673,47.0,12.0,17.0,6.0,302,958
59,Thailand,0,2,2,4,2012,UNK,0,670,37.0,15.0,18.0,5.0,303,960
35,Thailand,2,2,2,6,2016,BRA,0,682,54.0,15.0,16.0,4.0,306,972
59,Thailand,1,0,1,2,2020,UNK,0,761,41.0,15.0,12.0,3.0,340,1080
44,Thailand,1,3,2,6,2024,FRA,0,738,52.0,18.0,14.0,4.0,328,1039
82,Togo,0,0,1,1,2008,CHN,0,673,4.0,4.0,1.0,0.0,302,958
61,Tonga,0,1,0,1,1996,USA,0,604,5.0,3.0,1.0,0.0,271,842
28,Trinidad and Tobago,0,1,0,1,1948,UNK,0,312,5.0,3.0,1.0,0.0,138,411
37,Trinidad and Tobago,0,0,2,2,1952,FIN,0,338,2.0,1.0,3.0,0.0,149,459
28,Trinidad and Tobago,0,1,2,3,1964,JPN,0,370,11.0,3.0,6.0,0.0,163,504
26,Trinidad and Tobago,1,0,0,1,1976,CAN,0,444,13.0,3.0,6.0,1.0,198,613
68,Trinidad and Tobago,0,0,2,2,1996,USA,0,604,12.0,6.0,6.0,1.0,271,842
61,Trinidad and Tobago,0,1,1,2,2000,AUS,0,667,19.0,3.0,5.0,1.0,300,927
71,Trinidad and Tobago,0,0,1,1,2004,GRE,0,669,19.0,4.0,5.0,0.0,301,926
47,Trinidad and Tobago,1,1,0,2,2008,CHN,0,673,28.0,4.0,5.0,1.0,302,958
42,Trinidad and Tobago,1,1,2,4,2012,UNK,0,670,25.0,6.0,7.0,2.0,303,960
78,Trinidad and Tobago,0,0,1,1,2016,BRA,0,682,28.0,8.0,7.0,2.0,306,972
29,Tunisia,0,1,1,2,1964,JPN,0,370,9.0,3.0,2.0,0.0,163,504
28,Tunisia,1,0,1,2,1968,UNK,0,386,7.0,2.0,4.0,1.0,174,527
33,Tunisia,0,1,0,1,1972,GER,0,439,35.0,5.0,5.0,1.0,195,600
71,Tunisia,0,0,1,1,1996,USA,0,604,51.0,9.0,4.0,1.0,271,842
53,Tunisia,1,0,0,1,2008,CHN,0,673,26.0,10.0,3.0,1.0,302,958
36,Tunisia,2,0,1,3,2012,UNK,0,670,83.0,17.0,5.0,3.0,303,960
75,Tunisia,0,0,3,3,2016,BRA,0,682,61.0,17.0,7.0,3.0,306,972
58,Tunisia,1,1,0,2,2020,UNK,0,761,63.0,17.0,8.0,3.0,340,1080
52,Tunisia,1,1,1,3,2024,FRA,0,738,26.0,15.0,8.0,2.0,328,1039
19,Turkey,1,0,1,2,1936,GER,0,302,45.0,6.0,2.0,1.0,141,422
7,Turkey,6,4,2,12,1948,UNK,0,312,58.0,7.0,14.0,7.0,138,411
16,Turkey,2,0,1,3,1952,FIN,0,338,51.0,4.0,17.0,9.0,149,459
12,Turkey,3,2,2,7,1956,AUS,0,342,19.0,2.0,22.0,11.0,153,469
6,Turkey,7,2,0,9,1960,ITA,0,340,49.0,6.0,19.0,12.0,152,461
16,Turkey,2,3,1,6,1964,JPN,0,370,23.0,4.0,22.0,12.0,163,504
21,Turkey,2,0,0,2,1968,UNK,0,386,29.0,4.0,17.0,11.0,174,527
33,Turkey,0,1,0,1,1972,GER,0,439,43.0,8.0,9.0,4.0,195,600
40,Turkey,0,0,3,3,1984,USA,0,492,46.0,10.0,6.0,2.0,226,688
27,Turkey,1,1,0,2,1988,KOR,0,528,41.0,9.0,6.0,1.0,241,739
23,Turkey,2,2,2,6,1992,ESP,0,573,41.0,10.0,11.0,3.0,260,815
19,Turkey,4,1,1,6,1996,USA,0,604,53.0,9.0,14.0,7.0,271,842
26,Turkey,3,0,2,5,2000,AUS,0,667,57.0,10.0,17.0,9.0,300,927
22,Turkey,3,3,4,10,2004,GRE,0,669,64.0,10.0,21.0,10.0,301,926
42,Turkey,1,1,3,5,2008,CHN,0,673,67.0,12.0,20.0,7.0,302,958
46,Turkey,1,1,1,3,2012,UNK,0,670,112.0,16.0,18.0,5.0,303,960
41,Turkey,1,3,4,8,2016,BRA,0,682,100.0,21.0,16.0,3.0,306,972
35,Turkey,2,2,9,13,2020,UNK,0,761,107.0,18.0,24.0,4.0,340,1080
64,Turkey,0,3,5,8,2024,FRA,0,738,0.0,0.0,29.0,3.0,328,1039
77,Turkmenistan,0,1,0,1,2020,UNK,0,761,9.0,4.0,1.0,0.0,340,1080
36,Uganda,0,1,1,2,1968,UNK,0,386,11.0,2.0,2.0,0.0,174,527
24,Uganda,1,1,0,2,1972,GER,0,439,33.0,3.0,4.0,1.0,195,600
32,Uganda,0,1,0,1,1980,URS,0,454,13.0,2.0,5.0,1.0,204,631
71,Uganda,0,0,1,1,1996,USA,0,604,10.0,4.0,4.0,1.0,271,842
50,Uganda,1,0,0,1,2012,UNK,0,670,15.0,4.0,3.0,1.0,303,960
36,Uganda,2,1,1,4,2020,UNK,0,761,25.0,4.0,6.0,3.0,340,1080
55,Uganda,1,1,0,2,2024,FRA,0,738,25.0,4.0,7.0,4.0,328,1039
9,Ukraine,9,2,12,23,1996,USA,0,604,231.0,21.0,23.0,9.0,271,842
21,Ukraine,3,10,10,23,2000,AUS,0,667,230.0,23.0,46.0,12.0,300,927
13,Ukraine,8,5,9,22,2004,GRE,0,669,239.0,23.0,68.0,20.0,301,926
12,Ukraine,7,4,11,22,2008,CHN,0,673,243.0,24.0,67.0,18.0,302,958
15,Ukraine,5,4,10,19,2012,UNK,0,670,230.0,25.0,63.0,20.0,303,960
31,Ukraine,2,5,4,11,2016,BRA,0,682,201.0,24.0,52.0,14.0,306,972
44,Ukraine,1,6,12,19,2020,UNK,0,761,153.0,28.0,49.0,8.0,340,1080
22,Ukraine,3,5,4,12,2024,FRA,0,738,141.0,25.0,42.0,6.0,328,1039
1,Unified Team,45,38,29,112,1992,ESP,0,573,473.0,27.0,112.0,45.0,260,815
54,United Arab Emirates,1,0,0,1,2004,GRE,0,669,4.0,3.0,1.0,1.0,301,926
78,United Arab Emirates,0,0,1,1,2016,BRA,0,682,12.0,6.0,2.0,1.0,306,972
1,United States,11,7,2,20,1896,GRE,0,107,14.0,3.0,20.0,11.0,43,122
2,United States,19,14,15,48,1900,FRA,0,236,59.0,6.0,68.0,30.0,96,284
1,United States,76,78,77,231,1904,USA,1,224,417.0,14.0,299.0,106.0,97,280
2,United States,23,12,12,47,1908,UNK,0,267,119.0,10.0,326.0,118.0,110,324
1,United States,26,19,19,64,1912,SWE,0,236,172.0,11.0,342.0,125.0,102,312
1,United States,41,27,27,95,1920,BEL,0,363,285.0,18.0,206.0,90.0,155,438
1,United States,45,27,27,99,1924,FRA,0,292,296.0,18.0,258.0,112.0,126,378
1,United States,22,18,16,56,1928,NED,0,252,268.0,15.0,250.0,108.0,110,327
1,United States,44,36,30,110,1932,USA,1,268,445.0,17.0,265.0,111.0,125,370
2,United States,24,21,12,57,1936,GER,0,302,340.0,20.0,223.0,90.0,141,422
1,United States,38,27,19,84,1948,UNK,0,312,279.0,19.0,251.0,106.0,138,411
1,United States,40,19,17,76,1952,FIN,0,338,264.0,18.0,217.0,102.0,149,459
2,United States,32,25,17,74,1956,AUS,0,342,289.0,19.0,234.0,110.0,153,469
2,United States,34,21,16,71,1960,ITA,0,340,279.0,17.0,221.0,106.0,152,461
1,United States,36,26,28,90,1964,JPN,0,370,334.0,19.0,235.0,102.0,163,504
1,United States,45,28,34,107,1968,UNK,0,386,355.0,18.0,268.0,115.0,174,527
2,United States,33,31,30,94,1972,GER,0,439,393.0,21.0,291.0,114.0,195,600
3,United States,34,35,25,94,1976,CAN,0,444,391.0,19.0,295.0,112.0,198,613
1,United States,83,61,30,174,1984,USA,1,492,519.0,25.0,362.0,150.0,226,688
3,United States,36,31,27,94,1988,KOR,0,528,526.0,27.0,362.0,153.0,241,739
2,United States,37,34,37,108,1992,ESP,0,573,534.0,28.0,376.0,156.0,260,815
1,United States,44,32,25,101,1996,USA,1,604,635.0,30.0,303.0,117.0,271,842
1,United States,37,24,32,93,2000,AUS,0,667,575.0,30.0,302.0,118.0,300,927
1,United States,36,39,26,101,2004,GRE,0,669,521.0,30.0,295.0,117.0,301,926
2,United States,36,39,37,112,2008,CHN,0,673,575.0,31.0,306.0,109.0,302,958
1,United States,48,26,30,104,2012,UNK,0,670,517.0,30.0,317.0,120.0,303,960
1,United States,46,37,38,121,2016,BRA,0,682,544.0,32.0,337.0,130.0,306,972
1,United States,39,41,33,113,2020,UNK,0,761,633.0,44.0,338.0,133.0,340,1080
1,United States,40,44,42,126,2024,FRA,0,738,619.0,47.0,360.0,125.0,328,1039
7,United Team of Germany,6,13,7,26,1956,AUS,0,342,0.0,0.0,26.0,6.0,153,469
4,United Team of Germany,12,19,11,42,1960,ITA,0,340,0.0,0.0,68.0,18.0,152,461
4,United Team of Germany,10,22,18,50,1964,JPN,0,370,0.0,0.0,118.0,28.0,163,504
19,Uruguay,1,0,0,1,1924,FRA,0,292,26.0,4.0,1.0,1.0,126,378
24,Uruguay,1,0,0,1,1928,NED,0,252,17.0,1.0,2.0,2.0,110,327
26,Uruguay,0,0,1,1,1932,USA,0,268,2.0,2.0,3.0,2.0,125,370
26,Uruguay,0,1,1,2,1948,UNK,0,312,59.0,11.0,4.0,1.0,138,411
37,Uruguay,0,0,2,2,1952,FIN,0,338,32.0,9.0,5.0,0.0,149,459
35,Uruguay,0,0,1,1,1956,AUS,0,342,21.0,5.0,5.0,0.0,153,469
35,Uruguay,0,0,1,1,1964,JPN,0,370,23.0,4.0,4.0,0.0,163,504
64,Uruguay,0,1,0,1,2000,AUS,0,667,15.0,7.0,3.0,0.0,300,927
58,Uzbekistan,0,1,1,2,1996,USA,0,604,71.0,12.0,2.0,0.0,271,842
43,Uzbekistan,1,1,2,4,2000,AUS,0,667,70.0,12.0,6.0,1.0,300,927
35,Uzbekistan,2,1,2,5,2004,GRE,0,669,69.0,14.0,11.0,3.0,301,926
63,Uzbekistan,0,1,3,4,2008,CHN,0,673,56.0,14.0,13.0,3.0,302,958
76,Uzbekistan,0,0,3,3,2012,UNK,0,670,53.0,14.0,12.0,2.0,303,960
21,Uzbekistan,4,2,7,13,2016,BRA,0,682,70.0,15.0,20.0,4.0,306,972
32,Uzbekistan,3,0,2,5,2020,UNK,0,761,67.0,16.0,21.0,7.0,340,1080
13,Uzbekistan,8,2,3,13,2024,FRA,0,738,88.0,17.0,31.0,15.0,328,1039
40,Venezuela,0,0,1,1,1952,FIN,0,338,38.0,8.0,1.0,0.0,149,459
41,Venezuela,0,0,1,1,1960,ITA,0,340,34.0,8.0,2.0,0.0,152,461
29,Venezuela,1,0,0,1,1968,UNK,0,386,23.0,5.0,3.0,1.0,174,527
34,Venezuela,0,1,0,1,1976,CAN,0,444,32.0,6.0,3.0,1.0,198,613
32,Venezuela,0,1,0,1,1980,URS,0,454,37.0,7.0,3.0,1.0,204,631
40,Venezuela,0,0,3,3,1984,USA,0,492,26.0,10.0,5.0,0.0,226,688
68,Venezuela,0,0,2,2,2004,GRE,0,669,48.0,15.0,6.0,0.0,301,926
82,Venezuela,0,0,1,1,2008,CHN,0,673,108.0,21.0,6.0,0.0,302,958
50,Venezuela,1,0,0,1,2012,UNK,0,670,68.0,15.0,4.0,1.0,303,960
62,Venezuela,0,2,1,3,2016,BRA,0,682,85.0,20.0,5.0,1.0,306,972
46,Venezuela,1,3,0,4,2020,UNK,0,761,43.0,16.0,8.0,2.0,340,1080
64,Vietnam,0,1,0,1,2000,AUS,0,667,7.0,4.0,1.0,0.0,300,927
72,Vietnam,0,1,0,1,2008,CHN,0,673,13.0,8.0,2.0,0.0,302,958
79,Vietnam,0,0,1,1,2012,UNK,0,670,18.0,11.0,3.0,0.0,303,960
48,Vietnam,1,1,0,2,2016,BRA,0,682,22.0,10.0,4.0,1.0,306,972
36,Virgin Islands,0,1,0,1,1988,KOR,0,528,0.0,0.0,1.0,0.0,241,739
8,West Germany,5,11,10,26,1968,UNK,0,386,275.0,17.0,26.0,5.0,174,527
4,West Germany,13,11,16,40,1972,GER,1,439,418.0,23.0,66.0,18.0,195,600
4,West Germany,10,12,17,39,1976,CAN,0,444,290.0,20.0,105.0,28.0,198,613
3,West Germany,17,19,23,59,1984,USA,0,492,389.0,25.0,138.0,40.0,226,688
5,West Germany,11,14,15,40,1988,KOR,0,528,345.0,24.0,138.0,38.0,241,739
14,Yugoslavia,2,0,0,2,1924,FRA,0,292,42.0,9.0,2.0,2.0,126,378
21,Yugoslavia,1,1,3,5,1928,NED,0,252,34.0,6.0,7.0,3.0,110,327
25,Yugoslavia,0,1,0,1,1936,GER,0,302,92.0,12.0,8.0,3.0,141,422
24,Yugoslavia,0,2,0,2,1948,UNK,0,312,90.0,8.0,8.0,1.0,138,411
21,Yugoslavia,1,2,0,3,1952,FIN,0,338,85.0,11.0,6.0,1.0,149,459
26,Yugoslavia,0,3,0,3,1956,AUS,0,342,35.0,8.0,8.0,1.0,153,469
18,Yugoslavia,1,1,0,2,1960,ITA,0,340,114.0,14.0,8.0,2.0,152,461
19,Yugoslavia,2,1,2,5,1964,JPN,0,370,75.0,9.0,10.0,3.0,163,504
16,Yugoslavia,3,3,2,8,1968,UNK,0,386,69.0,11.0,15.0,6.0,174,527
20,Yugoslavia,2,1,2,5,1972,GER,0,439,122.0,15.0,18.0,7.0,195,600
16,Yugoslavia,2,3,3,8,1976,CAN,0,444,88.0,14.0,21.0,7.0,198,613
14,Yugoslavia,2,3,4,9,1980,URS,0,454,164.0,17.0,22.0,6.0,204,631
9,Yugoslavia,7,4,7,18,1984,USA,0,492,139.0,16.0,35.0,11.0,226,688
16,Yugoslavia,3,4,5,12,1988,KOR,0,528,155.0,18.0,39.0,12.0,241,739
43,Zambia,0,0,1,1,1984,USA,0,492,16.0,3.0,1.0,0.0,226,688
61,Zambia,0,1,0,1,1996,USA,0,604,8.0,2.0,2.0,0.0,271,842
84,Zambia,0,0,1,1,2024,FRA,0,738,31.0,5.0,3.0,0.0,328,1039
23,Zimbabwe,1,0,0,1,1980,URS,0,454,42.0,10.0,1.0,1.0,204,631
49,Zimbabwe,1,1,1,3,2004,GRE,0,669,12.0,4.0,4.0,2.0,301,926
38,Zimbabwe,1,3,0,4,2008,CHN,0,673,13.0,6.0,8.0,3.0,302,958
